,day,date,phase,tests.performed.todate,tests.performed,tests.positive.todate,tests.positive,tests.regular.performed.todate,tests.regular.performed,tests.regular.positive.todate,tests.regular.positive,tests.hagt.performed,tests.hagt.performed.todate,tests.hagt.positive,tests.hagt.positive.todate,tests.ns-apr20.performed.todate,tests.ns-apr20.performed,tests.ns-apr20.positive.todate,tests.ns-apr20.positive,cases.confirmed.todate,cases.confirmed,cases.active,cases.recovered.todate,cases.closed.todate,cases.hs.employee.confirmed.todate,cases.rh.employee.confirmed.todate,cases.rh.occupant.confirmed.todate,cases.unclassified.confirmed.todate,state.in_hospital,state.icu,state.critical,state.in_hospital.todate,state.out_of_hospital.todate,state.deceased.todate,region.lj.todate,region.ce.todate,region.mb.todate,region.ms.todate,region.kr.todate,region.nm.todate,region.za.todate,region.sg.todate,region.po.todate,region.ng.todate,region.kp.todate,region.kk.todate,region.foreign.todate,region.unknown.todate,region.todate,age.0-4.todate,age.5-14.todate,age.15-24.todate,age.25-34.todate,age.35-44.todate,age.45-54.todate,age.55-64.todate,age.65-74.todate,age.75-84.todate,age.85+.todate,age.todate,age.female.0-4.todate,age.female.5-14.todate,age.female.15-24.todate,age.female.25-34.todate,age.female.35-44.todate,age.female.45-54.todate,age.female.55-64.todate,age.female.65-74.todate,age.female.75-84.todate,age.female.85+.todate,age.female.todate,age.male.0-4.todate,age.male.5-14.todate,age.male.15-24.todate,age.male.25-34.todate,age.male.35-44.todate,age.male.45-54.todate,age.male.55-64.todate,age.male.65-74.todate,age.male.75-84.todate,age.male.85+.todate,age.male.todate,age.unknown.0-4.todate,age.unknown.5-14.todate,age.unknown.15-24.todate,age.unknown.25-34.todate,age.unknown.35-44.todate,age.unknown.45-54.todate,age.unknown.55-64.todate,age.unknown.65-74.todate,age.unknown.75-84.todate,age.unknown.85+.todate,age.unknown.todate,deceased.0-4.todate,deceased.5-14.todate,deceased.15-24.todate,deceased.25-34.todate,deceased.35-44.todate,deceased.45-54.todate,deceased.55-64.todate,deceased.65-74.todate,deceased.75-84.todate,deceased.85+.todate,deceased.todate,deceased.female.0-4.todate,deceased.female.5-14.todate,deceased.female.15-24.todate,deceased.female.25-34.todate,deceased.female.35-44.todate,deceased.female.45-54.todate,deceased.female.55-64.todate,deceased.female.65-74.todate,deceased.female.75-84.todate,deceased.female.85+.todate,deceased.female.todate,deceased.male.0-4.todate,deceased.male.5-14.todate,deceased.male.15-24.todate,deceased.male.25-34.todate,deceased.male.35-44.todate,deceased.male.45-54.todate,deceased.male.55-64.todate,deceased.male.65-74.todate,deceased.male.75-84.todate,deceased.male.85+.todate,deceased.male.todate,deceased.rhoccupant.todate,deceased.other.todate,vaccination.administered,vaccination.administered.todate,vaccination.administered2nd,vaccination.administered2nd.todate,vaccination.used.todate,vaccination.delivered.todate,day_name
239,1,2020-10-20,F11,301028.0,5891.0,15974.0,1503.0,299660.0,5891.0,15973.0,1503.0,,,,,1368.0,,1.0,,15993.0,1505.0,8870.0,6921.0,7123.0,,,876.0,15117.0,313.0,55.0,41.0,1202.0,767.0,192.0,4975.0,2061.0,1784.0,806.0,2206.0,1120.0,491.0,753.0,338.0,465.0,305.0,496.0,161.0,32.0,15993.0,112.0,739.0,2142.0,2638.0,3116.0,3062.0,1936.0,928.0,715.0,605.0,15993.0,58.0,360.0,1035.0,1323.0,1699.0,1674.0,995.0,437.0,404.0,456.0,8441.0,54.0,379.0,1107.0,1315.0,1417.0,1388.0,941.0,491.0,311.0,149.0,7552.0,,,,,,,,,,,,,,,,,4.0,8.0,30.0,68.0,119.0,229.0,,,,,,1.0,1.0,11.0,27.0,82.0,122.0,,,,,,3.0,7.0,19.0,41.0,37.0,107.0,135.0,94.0,,,,,,,Tuesday
240,2,2020-10-21,F11,307243.0,6215.0,17635.0,1661.0,305875.0,6215.0,17634.0,1661.0,,,,,1368.0,,1.0,,17663.0,1670.0,10152.0,7300.0,7511.0,,,960.0,16703.0,333.0,55.0,41.0,1262.0,799.0,202.0,5506.0,2263.0,1956.0,923.0,2477.0,1211.0,517.0,821.0,378.0,517.0,359.0,537.0,166.0,32.0,17663.0,118.0,808.0,2350.0,2913.0,3466.0,3393.0,2152.0,1014.0,795.0,654.0,17663.0,62.0,393.0,1137.0,1454.0,1885.0,1861.0,1109.0,473.0,453.0,496.0,9323.0,56.0,415.0,1213.0,1459.0,1581.0,1532.0,1043.0,541.0,342.0,158.0,8340.0,,,,,,,,,,,,,,,,,4.0,9.0,31.0,69.0,124.0,237.0,,,,,,1.0,1.0,12.0,28.0,84.0,126.0,,,,,,3.0,8.0,19.0,41.0,40.0,111.0,139.0,98.0,,,,,,,Wednesday
241,3,2020-10-22,F11,313988.0,6745.0,19290.0,1655.0,312620.0,6745.0,19289.0,1655.0,,,,,1368.0,,1.0,,19324.0,1661.0,11450.0,7658.0,7874.0,,,1015.0,18309.0,356.0,62.0,46.0,1322.0,831.0,211.0,5959.0,2548.0,2141.0,1007.0,2762.0,1299.0,551.0,886.0,390.0,575.0,419.0,584.0,171.0,32.0,19324.0,126.0,863.0,2555.0,3198.0,3815.0,3761.0,2347.0,1090.0,870.0,699.0,19324.0,67.0,423.0,1230.0,1608.0,2081.0,2073.0,1199.0,510.0,498.0,533.0,10222.0,59.0,440.0,1325.0,1590.0,1734.0,1688.0,1148.0,580.0,372.0,166.0,9102.0,,,,,,,,,,,,,,,,,5.0,9.0,33.0,71.0,128.0,246.0,,,,,,1.0,1.0,12.0,29.0,87.0,130.0,,,,,,4.0,8.0,21.0,42.0,41.0,116.0,144.0,102.0,,,,,,,Thursday
242,4,2020-10-23,F11,321013.0,7025.0,21251.0,1961.0,319645.0,7025.0,21250.0,1961.0,,,,,1368.0,,1.0,,21293.0,1969.0,13039.0,8019.0,8254.0,,,1120.0,20173.0,394.0,65.0,47.0,1391.0,859.0,216.0,6549.0,2840.0,2379.0,1091.0,3165.0,1403.0,595.0,944.0,421.0,626.0,435.0,637.0,176.0,32.0,21293.0,133.0,935.0,2793.0,3511.0,4218.0,4197.0,2583.0,1199.0,952.0,772.0,21293.0,69.0,455.0,1342.0,1771.0,2294.0,2312.0,1319.0,560.0,549.0,586.0,11257.0,64.0,480.0,1451.0,1740.0,1924.0,1885.0,1264.0,639.0,403.0,186.0,10036.0,,,,,,,,,,,,,,,,,5.0,10.0,36.0,78.0,137.0,266.0,,,,,,1.0,2.0,13.0,33.0,94.0,143.0,,,,,,4.0,8.0,23.0,45.0,43.0,123.0,150.0,116.0,,,,,,,Friday
243,5,2020-10-24,F11,326789.0,5776.0,22926.0,1675.0,325421.0,5776.0,22925.0,1675.0,,,,,1368.0,,1.0,,22995.0,1702.0,14330.0,8424.0,8665.0,,,1160.0,21835.0,449.0,66.0,50.0,1494.0,890.0,235.0,6999.0,3047.0,2567.0,1199.0,3502.0,1493.0,651.0,998.0,463.0,681.0,501.0,678.0,184.0,32.0,22995.0,140.0,981.0,2983.0,3801.0,4593.0,4567.0,2798.0,1310.0,1014.0,808.0,22995.0,71.0,481.0,1444.0,1915.0,2496.0,2522.0,1427.0,618.0,583.0,612.0,12169.0,69.0,500.0,1539.0,1886.0,2097.0,2045.0,1371.0,692.0,431.0,196.0,10826.0,,,,,,,,,,,,,,,,,5.0,10.0,36.0,80.0,140.0,271.0,,,,,,1.0,2.0,13.0,34.0,95.0,145.0,,,,,,4.0,8.0,23.0,46.0,45.0,126.0,153.0,118.0,,,,,,,Saturday
244,6,2020-10-25,F11,330471.0,3682.0,24041.0,1115.0,329103.0,3682.0,24040.0,1115.0,,,,,1368.0,,1.0,,24113.0,1118.0,15279.0,8583.0,8834.0,,,1208.0,22905.0,508.0,73.0,55.0,1583.0,915.0,241.0,7362.0,3132.0,2709.0,1271.0,3786.0,1535.0,669.0,1034.0,465.0,723.0,506.0,702.0,187.0,32.0,24113.0,145.0,1009.0,3093.0,3983.0,4867.0,4795.0,2934.0,1377.0,1069.0,841.0,24113.0,75.0,489.0,1498.0,2001.0,2636.0,2641.0,1501.0,649.0,618.0,639.0,12747.0,70.0,520.0,1595.0,1982.0,2231.0,2154.0,1433.0,728.0,451.0,202.0,11366.0,,,,,,,,,,,,,,,,1.0,6.0,10.0,38.0,83.0,150.0,288.0,,,,,,2.0,2.0,14.0,34.0,101.0,153.0,,,,,1.0,4.0,8.0,24.0,49.0,49.0,135.0,159.0,129.0,,,,,,,Sunday
245,0,2020-10-26,F12,336227.0,5756.0,25540.0,1499.0,334859.0,5756.0,25539.0,1499.0,,,,,1368.0,,1.0,,25615.0,1502.0,16382.0,8969.0,9233.0,,,1290.0,24325.0,523.0,82.0,57.0,1634.0,944.0,251.0,7790.0,3307.0,2901.0,1362.0,4031.0,1638.0,714.0,1107.0,481.0,764.0,556.0,739.0,193.0,32.0,25615.0,153.0,1044.0,3238.0,4202.0,5215.0,5114.0,3131.0,1460.0,1136.0,922.0,25615.0,79.0,512.0,1571.0,2121.0,2842.0,2814.0,1602.0,692.0,652.0,700.0,13585.0,74.0,532.0,1667.0,2081.0,2373.0,2300.0,1529.0,768.0,484.0,222.0,12030.0,,,,,,,,,,,,,,,,1.0,6.0,10.0,38.0,87.0,161.0,303.0,,,,,,2.0,2.0,14.0,37.0,109.0,164.0,,,,,1.0,4.0,8.0,24.0,50.0,52.0,139.0,170.0,133.0,,,,,,,Monday
246,1,2020-10-27,F12,343698.0,7471.0,28145.0,2605.0,342330.0,7471.0,28144.0,2605.0,,,,,1368.0,,1.0,,28226.0,2611.0,18286.0,9662.0,9940.0,,,1384.0,26842.0,560.0,88.0,57.0,1719.0,987.0,264.0,8531.0,3699.0,3118.0,1546.0,4467.0,1859.0,762.0,1190.0,522.0,840.0,656.0,806.0,198.0,32.0,28226.0,172.0,1109.0,3480.0,4653.0,5775.0,5717.0,3469.0,1620.0,1242.0,989.0,28226.0,89.0,539.0,1691.0,2360.0,3142.0,3136.0,1778.0,751.0,707.0,740.0,14933.0,83.0,570.0,1789.0,2293.0,2633.0,2581.0,1691.0,869.0,535.0,249.0,13293.0,,,,,,,,,,,,,,,,1.0,6.0,11.0,42.0,91.0,168.0,319.0,,,,,,2.0,3.0,14.0,38.0,112.0,169.0,,,,,1.0,4.0,8.0,28.0,53.0,56.0,150.0,179.0,140.0,,,,,,,Tuesday
247,2,2020-10-28,F12,350900.0,7202.0,30633.0,2488.0,349532.0,7202.0,30632.0,2488.0,,,,,1368.0,,1.0,,30718.0,2492.0,20030.0,10396.0,10688.0,,,1439.0,29279.0,612.0,102.0,66.0,1829.0,1038.0,278.0,9333.0,4017.0,3370.0,1681.0,4963.0,1984.0,805.0,1279.0,557.0,915.0,734.0,842.0,206.0,32.0,30718.0,180.0,1156.0,3694.0,5092.0,6359.0,6291.0,3805.0,1748.0,1351.0,1042.0,30718.0,92.0,559.0,1793.0,2588.0,3470.0,3447.0,1947.0,814.0,755.0,781.0,16246.0,88.0,597.0,1901.0,2504.0,2889.0,2844.0,1858.0,934.0,596.0,261.0,14472.0,,,,,,,,,,,,,,,,1.0,6.0,13.0,44.0,98.0,177.0,339.0,,,,,,2.0,3.0,14.0,41.0,116.0,176.0,,,,,1.0,4.0,10.0,30.0,57.0,61.0,163.0,187.0,152.0,,,,,,,Wednesday
248,3,2020-10-29,F12,357268.0,6368.0,32431.0,1798.0,355900.0,6368.0,32430.0,1798.0,,,,,1368.0,,1.0,,32518.0,1800.0,20994.0,11209.0,11524.0,,,1541.0,30977.0,660.0,119.0,72.0,1932.0,1086.0,292.0,9933.0,4303.0,3553.0,1764.0,5278.0,2085.0,842.0,1344.0,581.0,949.0,755.0,881.0,218.0,32.0,32518.0,184.0,1186.0,3826.0,5381.0,6780.0,6701.0,4029.0,1865.0,1452.0,1114.0,32518.0,95.0,573.0,1861.0,2743.0,3709.0,3679.0,2055.0,871.0,820.0,836.0,17242.0,89.0,613.0,1965.0,2638.0,3071.0,3022.0,1974.0,994.0,632.0,278.0,15276.0,,,,,,,,,,,,,,,,1.0,6.0,13.0,50.0,104.0,190.0,364.0,,,,,,2.0,3.0,16.0,43.0,121.0,185.0,,,,,1.0,4.0,10.0,34.0,61.0,69.0,179.0,198.0,166.0,,,,,,,Thursday
249,4,2020-10-30,F12,363978.0,6710.0,34225.0,1794.0,362610.0,6710.0,34224.0,1794.0,,,,,1368.0,,1.0,,34315.0,1797.0,21893.0,12084.0,12422.0,,,1703.0,32612.0,703.0,128.0,70.0,2033.0,1126.0,315.0,10418.0,4504.0,3841.0,1859.0,5598.0,2167.0,862.0,1419.0,597.0,1091.0,790.0,914.0,223.0,32.0,34315.0,190.0,1204.0,3945.0,5635.0,7181.0,7090.0,4272.0,2015.0,1588.0,1195.0,34315.0,96.0,582.0,1925.0,2868.0,3918.0,3914.0,2188.0,937.0,901.0,894.0,18223.0,94.0,622.0,2020.0,2767.0,3263.0,3176.0,2084.0,1078.0,687.0,301.0,16092.0,,,,,,,,,,,,,,,,1.0,6.0,15.0,54.0,115.0,200.0,391.0,,,,,,2.0,4.0,18.0,50.0,125.0,199.0,,,,,1.0,4.0,11.0,36.0,65.0,75.0,192.0,207.0,184.0,,,,,,,Friday
250,5,2020-10-31,F12,368785.0,4807.0,35567.0,1342.0,367417.0,4807.0,35566.0,1342.0,,,,,1368.0,,1.0,,35662.0,1347.0,22513.0,12786.0,13149.0,,,1784.0,33878.0,779.0,125.0,75.0,2191.0,1193.0,338.0,10841.0,4627.0,4109.0,1961.0,5759.0,2213.0,888.0,1486.0,620.0,1158.0,810.0,929.0,229.0,32.0,35662.0,196.0,1213.0,4021.0,5860.0,7474.0,7394.0,4466.0,2116.0,1674.0,1248.0,35662.0,100.0,586.0,1962.0,3001.0,4072.0,4080.0,2292.0,984.0,952.0,938.0,18967.0,96.0,627.0,2059.0,2859.0,3402.0,3314.0,2174.0,1132.0,722.0,310.0,16695.0,,,,,,,,,,,,,,,,1.0,6.0,16.0,57.0,121.0,217.0,418.0,,,,,,2.0,4.0,19.0,55.0,139.0,219.0,,,,,1.0,4.0,12.0,38.0,66.0,78.0,199.0,223.0,195.0,,,,,,,Saturday
251,6,2020-11-01,F12,371029.0,2244.0,36124.0,557.0,369661.0,2244.0,36123.0,557.0,,,,,1368.0,,1.0,,36219.0,557.0,22533.0,13298.0,13686.0,,,1829.0,34390.0,821.0,133.0,82.0,2285.0,1226.0,363.0,10986.0,4673.0,4263.0,2045.0,5810.0,2237.0,893.0,1511.0,620.0,1167.0,811.0,942.0,229.0,32.0,36219.0,196.0,1219.0,4052.0,5945.0,7588.0,7489.0,4560.0,2168.0,1711.0,1291.0,36219.0,100.0,587.0,1980.0,3046.0,4130.0,4130.0,2336.0,1008.0,968.0,971.0,19256.0,96.0,632.0,2072.0,2899.0,3458.0,3359.0,2224.0,1160.0,743.0,320.0,16963.0,,,,,,,,,,,,,,,,1.0,6.0,18.0,59.0,127.0,230.0,441.0,,,,,,2.0,4.0,19.0,57.0,148.0,230.0,,,,,1.0,4.0,14.0,40.0,70.0,82.0,211.0,234.0,207.0,,,,,,,Sunday
252,0,2020-11-02,F12,375616.0,4587.0,37300.0,1176.0,374248.0,4587.0,37299.0,1176.0,,,,,1368.0,,1.0,,37396.0,1177.0,22908.0,14076.0,14488.0,,,1925.0,35471.0,868.0,142.0,91.0,2400.0,1275.0,388.0,11323.0,4815.0,4384.0,2114.0,6037.0,2327.0,920.0,1548.0,652.0,1186.0,848.0,971.0,239.0,32.0,37396.0,198.0,1225.0,4108.0,6112.0,7843.0,7746.0,4746.0,2241.0,1815.0,1362.0,37396.0,100.0,590.0,2008.0,3127.0,4262.0,4264.0,2426.0,1042.0,1038.0,1027.0,19884.0,98.0,635.0,2100.0,2985.0,3581.0,3482.0,2320.0,1199.0,777.0,335.0,17512.0,,,,,,,,,,,,,,,,1.0,7.0,18.0,63.0,136.0,248.0,473.0,,,,,,3.0,4.0,20.0,61.0,161.0,249.0,,,,,1.0,4.0,14.0,43.0,75.0,87.0,224.0,249.0,224.0,,,,,,,Monday
253,1,2020-11-03,F12,381927.0,6311.0,39327.0,2027.0,380559.0,6311.0,39326.0,2027.0,,,,,1368.0,,1.0,,39428.0,2032.0,23435.0,15552.0,15993.0,,,2097.0,37331.0,925.0,148.0,96.0,2531.0,1329.0,412.0,11842.0,5138.0,4673.0,2293.0,6328.0,2451.0,959.0,1599.0,683.0,1265.0,905.0,1015.0,245.0,32.0,39428.0,205.0,1238.0,4215.0,6413.0,8264.0,8235.0,5060.0,2387.0,1954.0,1457.0,39428.0,103.0,593.0,2057.0,3293.0,4508.0,4511.0,2586.0,1104.0,1120.0,1094.0,20969.0,102.0,645.0,2158.0,3120.0,3756.0,3724.0,2474.0,1283.0,834.0,363.0,18459.0,,,,,,,,,,,,,,,,1.0,7.0,20.0,66.0,155.0,255.0,504.0,,,,,,3.0,6.0,21.0,73.0,164.0,267.0,,,,,1.0,4.0,14.0,45.0,82.0,91.0,237.0,259.0,245.0,,,,,,,Tuesday
254,2,2020-11-04,F12,387918.0,5991.0,41012.0,1685.0,386550.0,5991.0,41011.0,1685.0,,,,,1368.0,,1.0,,41119.0,1691.0,23456.0,17192.0,17663.0,,,2274.0,38845.0,979.0,157.0,103.0,2671.0,1392.0,441.0,12285.0,5314.0,4934.0,2475.0,6574.0,2511.0,994.0,1660.0,718.0,1368.0,952.0,1049.0,253.0,32.0,41119.0,211.0,1251.0,4311.0,6675.0,8605.0,8604.0,5283.0,2525.0,2075.0,1579.0,41119.0,105.0,600.0,2098.0,3424.0,4683.0,4710.0,2705.0,1158.0,1189.0,1189.0,21861.0,106.0,651.0,2213.0,3251.0,3922.0,3894.0,2578.0,1367.0,886.0,390.0,19258.0,,,,,,,,,,,,,,,,1.0,8.0,20.0,70.0,165.0,271.0,535.0,,,,,,3.0,6.0,22.0,80.0,171.0,282.0,,,,,1.0,5.0,14.0,48.0,85.0,100.0,253.0,275.0,260.0,,,,,,,Wednesday
255,3,2020-11-05,F12,393813.0,5895.0,42572.0,1560.0,392445.0,5895.0,42571.0,1560.0,,,,,1368.0,,1.0,,42686.0,1567.0,23362.0,18827.0,19324.0,,,2460.0,40226.0,1023.0,168.0,110.0,2795.0,1450.0,471.0,12741.0,5531.0,5175.0,2621.0,6776.0,2617.0,1014.0,1699.0,736.0,1420.0,985.0,1081.0,258.0,32.0,42686.0,215.0,1257.0,4410.0,6905.0,8895.0,8914.0,5512.0,2670.0,2202.0,1706.0,42686.0,107.0,602.0,2150.0,3544.0,4843.0,4893.0,2825.0,1230.0,1267.0,1292.0,22753.0,108.0,655.0,2260.0,3361.0,4052.0,4021.0,2687.0,1440.0,935.0,414.0,19933.0,,,,,,,,,,,,,,,,1.0,10.0,20.0,73.0,177.0,282.0,563.0,,,,,,3.0,6.0,24.0,85.0,174.0,292.0,,,,,1.0,7.0,14.0,49.0,92.0,108.0,271.0,291.0,272.0,,,,,,,Thursday
256,4,2020-11-06,F13,400153.0,6340.0,44184.0,1612.0,398785.0,6340.0,44183.0,1612.0,,,,,1368.0,,1.0,,44299.0,1613.0,23006.0,20762.0,21293.0,,,2632.0,41667.0,1069.0,168.0,115.0,2955.0,1542.0,497.0,13191.0,5683.0,5392.0,2798.0,6971.0,2720.0,1073.0,1768.0,765.0,1485.0,1031.0,1121.0,268.0,33.0,44299.0,216.0,1265.0,4513.0,7130.0,9182.0,9233.0,5761.0,2830.0,2344.0,1825.0,44299.0,107.0,606.0,2199.0,3658.0,5015.0,5087.0,2948.0,1303.0,1344.0,1377.0,23644.0,109.0,659.0,2314.0,3472.0,4167.0,4146.0,2813.0,1527.0,1000.0,448.0,20655.0,,,,,,,,,,,,,,,,1.0,10.0,20.0,77.0,191.0,299.0,598.0,,,,,,3.0,6.0,25.0,90.0,184.0,308.0,,,,,1.0,7.0,14.0,52.0,101.0,115.0,290.0,307.0,291.0,,,,,,,Friday
257,5,2020-11-07,F13,404071.0,3918.0,45073.0,889.0,402703.0,3918.0,45072.0,889.0,,,,,1368.0,,1.0,,45190.0,891.0,22195.0,22441.0,22995.0,,,2707.0,42483.0,1084.0,178.0,117.0,3090.0,1635.0,531.0,13447.0,5741.0,5593.0,2882.0,7077.0,2752.0,1099.0,1844.0,768.0,1508.0,1037.0,1136.0,273.0,33.0,45190.0,220.0,1269.0,4568.0,7252.0,9356.0,9420.0,5883.0,2921.0,2425.0,1876.0,45190.0,109.0,607.0,2231.0,3720.0,5110.0,5187.0,3008.0,1347.0,1392.0,1413.0,24124.0,111.0,662.0,2337.0,3532.0,4246.0,4233.0,2875.0,1574.0,1033.0,463.0,21066.0,,,,,,,,,,,,,,,,3.0,10.0,20.0,80.0,199.0,307.0,619.0,,,,,1.0,3.0,6.0,26.0,94.0,189.0,319.0,,,,,2.0,7.0,14.0,54.0,105.0,118.0,300.0,315.0,304.0,,,,,,,Saturday
258,6,2020-11-08,F13,406134.0,2063.0,45537.0,464.0,404766.0,2063.0,45536.0,464.0,,,,,1368.0,,1.0,,45656.0,466.0,21543.0,23535.0,24113.0,,,2754.0,42902.0,1125.0,179.0,124.0,3192.0,1677.0,554.0,13513.0,5792.0,5724.0,2979.0,7118.0,2780.0,1106.0,1863.0,769.0,1518.0,1041.0,1146.0,274.0,33.0,45656.0,222.0,1272.0,4591.0,7329.0,9429.0,9517.0,5962.0,2966.0,2470.0,1898.0,45656.0,109.0,608.0,2239.0,3767.0,5148.0,5235.0,3050.0,1369.0,1414.0,1427.0,24366.0,113.0,664.0,2352.0,3562.0,4281.0,4282.0,2912.0,1597.0,1056.0,471.0,21290.0,,,,,,,,,,,,,,,,3.0,10.0,21.0,84.0,206.0,321.0,645.0,,,,,1.0,3.0,7.0,28.0,98.0,197.0,334.0,,,,,2.0,7.0,14.0,56.0,108.0,124.0,311.0,328.0,317.0,,,,,,,Sunday
259,0,2020-11-09,F13,410591.0,4457.0,46621.0,1084.0,409223.0,4457.0,46620.0,1084.0,,,,,1368.0,,1.0,,46745.0,1089.0,21130.0,25010.0,25615.0,,,2860.0,43885.0,1143.0,193.0,133.0,3281.0,1730.0,578.0,13777.0,5959.0,5822.0,3073.0,7301.0,2893.0,1128.0,1897.0,793.0,1537.0,1078.0,1178.0,276.0,33.0,46745.0,229.0,1279.0,4658.0,7494.0,9657.0,9733.0,6127.0,3049.0,2558.0,1961.0,46745.0,114.0,613.0,2275.0,3856.0,5273.0,5346.0,3141.0,1402.0,1459.0,1474.0,24953.0,115.0,666.0,2383.0,3638.0,4384.0,4387.0,2986.0,1647.0,1099.0,487.0,21792.0,,,,,,,,,,,,,,,,3.0,10.0,22.0,85.0,216.0,337.0,673.0,,,,,1.0,3.0,7.0,28.0,101.0,210.0,350.0,,,,,2.0,7.0,15.0,57.0,115.0,127.0,323.0,343.0,330.0,,,,,,,Monday
260,1,2020-11-10,F13,418106.0,7515.0,48838.0,2217.0,416738.0,7515.0,48837.0,2217.0,,,,,1368.0,,1.0,,48973.0,2228.0,20747.0,27581.0,28226.0,,,3182.0,45791.0,1171.0,196.0,134.0,3429.0,1831.0,605.0,14332.0,6233.0,6182.0,3219.0,7619.0,3040.0,1190.0,1984.0,833.0,1680.0,1133.0,1214.0,281.0,33.0,48973.0,236.0,1293.0,4800.0,7838.0,10023.0,10186.0,6441.0,3255.0,2721.0,2180.0,48973.0,117.0,620.0,2339.0,4029.0,5462.0,5589.0,3289.0,1493.0,1560.0,1648.0,26146.0,119.0,673.0,2461.0,3809.0,4561.0,4597.0,3152.0,1762.0,1161.0,532.0,22827.0,,,,,,,,,,,,,,,,3.0,10.0,22.0,92.0,236.0,353.0,716.0,,,,,1.0,3.0,7.0,31.0,107.0,221.0,370.0,,,,,2.0,7.0,15.0,61.0,129.0,132.0,346.0,361.0,355.0,,,,,,,Tuesday
261,2,2020-11-11,F13,424873.0,6767.0,50763.0,1925.0,423505.0,6767.0,50762.0,1925.0,,,,,1368.0,,1.0,,50905.0,1932.0,20187.0,30032.0,30718.0,,,3338.0,47567.0,1192.0,204.0,134.0,3580.0,1927.0,645.0,14790.0,6487.0,6474.0,3411.0,7846.0,3179.0,1264.0,2061.0,895.0,1728.0,1184.0,1263.0,290.0,33.0,50905.0,239.0,1305.0,4954.0,8138.0,10386.0,10602.0,6743.0,3382.0,2867.0,2289.0,50905.0,117.0,625.0,2420.0,4180.0,5646.0,5819.0,3438.0,1551.0,1648.0,1738.0,27182.0,122.0,680.0,2534.0,3958.0,4740.0,4783.0,3305.0,1831.0,1219.0,551.0,23723.0,,,,,,,,,,,,,,,,3.0,10.0,24.0,98.0,256.0,374.0,765.0,,,,,1.0,3.0,7.0,33.0,116.0,234.0,394.0,,,,,2.0,7.0,17.0,65.0,140.0,140.0,371.0,384.0,381.0,,,,,,,Wednesday
262,3,2020-11-12,F13,430635.0,5762.0,52271.0,1508.0,429267.0,5762.0,52270.0,1508.0,,,,,1368.0,,1.0,,52421.0,1516.0,19903.0,31794.0,32518.0,,,3522.0,48899.0,1210.0,196.0,136.0,3722.0,2020.0,686.0,15119.0,6724.0,6768.0,3557.0,8039.0,3272.0,1288.0,2098.0,921.0,1782.0,1229.0,1292.0,299.0,33.0,52421.0,243.0,1317.0,5053.0,8393.0,10647.0,10905.0,6952.0,3515.0,2980.0,2416.0,52421.0,119.0,628.0,2471.0,4309.0,5786.0,5973.0,3561.0,1607.0,1720.0,1835.0,28009.0,124.0,689.0,2582.0,4084.0,4861.0,4932.0,3391.0,1908.0,1260.0,581.0,24412.0,,,,,,,,,,,,,,,,3.0,12.0,27.0,103.0,266.0,397.0,808.0,,,,,1.0,5.0,8.0,34.0,121.0,250.0,419.0,,,,,2.0,7.0,19.0,69.0,145.0,147.0,389.0,400.0,408.0,,,,,,,Thursday
263,4,2020-11-13,F13,437292.0,6657.0,54002.0,1731.0,435924.0,6657.0,54001.0,1731.0,,,,,1368.0,,1.0,,54161.0,1740.0,19846.0,33550.0,34315.0,,,3721.0,50440.0,1199.0,204.0,145.0,3820.0,2099.0,724.0,15496.0,6927.0,7107.0,3745.0,8224.0,3377.0,1352.0,2169.0,966.0,1827.0,1281.0,1355.0,300.0,35.0,54161.0,253.0,1332.0,5169.0,8660.0,10953.0,11257.0,7210.0,3649.0,3121.0,2557.0,54161.0,123.0,635.0,2532.0,4440.0,5951.0,6164.0,3689.0,1662.0,1800.0,1935.0,28931.0,130.0,697.0,2637.0,4220.0,5002.0,5093.0,3521.0,1987.0,1321.0,622.0,25230.0,,,,,,,,,,,,,,,,4.0,12.0,28.0,112.0,279.0,414.0,849.0,,,,,1.0,5.0,8.0,37.0,128.0,260.0,439.0,,,,,3.0,7.0,20.0,75.0,151.0,154.0,410.0,421.0,428.0,,,,,,,Friday
264,5,2020-11-14,F13,440855.0,3563.0,54921.0,919.0,439487.0,3563.0,54920.0,919.0,,,,,1368.0,,1.0,,55083.0,922.0,19421.0,34865.0,35662.0,,,3795.0,51288.0,1224.0,205.0,154.0,3975.0,2194.0,765.0,15689.0,7053.0,7324.0,3843.0,8312.0,3428.0,1352.0,2217.0,969.0,1911.0,1287.0,1363.0,300.0,35.0,55083.0,256.0,1338.0,5227.0,8806.0,11141.0,11448.0,7335.0,3724.0,3191.0,2617.0,55083.0,123.0,635.0,2560.0,4524.0,6057.0,6264.0,3756.0,1699.0,1843.0,1983.0,29444.0,133.0,703.0,2667.0,4282.0,5084.0,5184.0,3579.0,2025.0,1348.0,634.0,25639.0,,,,,,,,,,,,,,,,4.0,12.0,32.0,114.0,292.0,427.0,881.0,,,,,1.0,5.0,9.0,37.0,135.0,267.0,454.0,,,,,3.0,7.0,23.0,77.0,157.0,160.0,427.0,435.0,446.0,,,,,,,Saturday
265,6,2020-11-15,F13,442647.0,1792.0,55422.0,501.0,441279.0,1792.0,55421.0,501.0,,,,,1368.0,,1.0,,55583.0,500.0,19364.0,35388.0,36219.0,,,3900.0,51683.0,1261.0,201.0,150.0,4080.0,2238.0,797.0,15772.0,7075.0,7437.0,3906.0,8363.0,3492.0,1363.0,2269.0,974.0,1919.0,1301.0,1376.0,301.0,35.0,55583.0,256.0,1341.0,5254.0,8883.0,11225.0,11533.0,7392.0,3766.0,3243.0,2690.0,55583.0,123.0,637.0,2571.0,4570.0,6098.0,6308.0,3779.0,1718.0,1872.0,2040.0,29716.0,133.0,704.0,2683.0,4313.0,5127.0,5225.0,3613.0,2048.0,1371.0,650.0,25867.0,,,,,,,,,,,,,,,,4.0,12.0,33.0,121.0,305.0,440.0,915.0,,,,,1.0,5.0,9.0,40.0,142.0,276.0,473.0,,,,,3.0,7.0,24.0,81.0,163.0,164.0,442.0,450.0,465.0,,,,,,,Sunday
266,0,2020-11-16,F13,447973.0,5326.0,56810.0,1388.0,446605.0,5326.0,56809.0,1388.0,,,,,1368.0,,1.0,,56976.0,1393.0,19580.0,36520.0,37396.0,,,4119.0,52857.0,1264.0,209.0,160.0,4145.0,2276.0,831.0,16114.0,7241.0,7635.0,3999.0,8546.0,3587.0,1410.0,2330.0,1012.0,1968.0,1367.0,1425.0,307.0,35.0,56976.0,261.0,1345.0,5345.0,9106.0,11491.0,11822.0,7569.0,3863.0,3338.0,2836.0,56976.0,126.0,640.0,2622.0,4690.0,6235.0,6459.0,3869.0,1759.0,1929.0,2158.0,30487.0,135.0,705.0,2723.0,4416.0,5256.0,5363.0,3700.0,2104.0,1409.0,678.0,26489.0,,,,,,,,,,,,,,,,4.0,12.0,34.0,125.0,319.0,465.0,959.0,,,,,1.0,5.0,9.0,41.0,146.0,298.0,500.0,,,,,3.0,7.0,25.0,84.0,173.0,167.0,459.0,485.0,474.0,,,,,,,Monday
267,1,2020-11-17,F13,454786.0,6813.0,58822.0,2012.0,453418.0,6813.0,58821.0,2012.0,,,,,1368.0,,1.0,,58994.0,2018.0,19566.0,38509.0,39428.0,,,4440.0,54554.0,1275.0,210.0,154.0,4272.0,2368.0,876.0,16517.0,7513.0,7987.0,4174.0,8766.0,3777.0,1482.0,2444.0,1042.0,2024.0,1445.0,1475.0,313.0,35.0,58994.0,265.0,1359.0,5469.0,9391.0,11867.0,12217.0,7863.0,4020.0,3521.0,3022.0,58994.0,130.0,644.0,2687.0,4827.0,6428.0,6661.0,4015.0,1837.0,2043.0,2303.0,31575.0,135.0,715.0,2782.0,4564.0,5439.0,5556.0,3848.0,2183.0,1478.0,719.0,27419.0,,,,,,,,,,,,,,,,4.0,12.0,34.0,129.0,334.0,491.0,1004.0,,,,,1.0,5.0,9.0,41.0,151.0,314.0,521.0,,,,,3.0,7.0,25.0,88.0,183.0,177.0,483.0,509.0,495.0,,,,,,,Tuesday
268,2,2020-11-18,F13,461592.0,6806.0,60886.0,2064.0,460224.0,6806.0,60885.0,2064.0,,,,,1368.0,,1.0,,61062.0,2068.0,19943.0,40155.0,41119.0,,,4700.0,56362.0,1280.0,212.0,158.0,4428.0,2484.0,919.0,16869.0,7849.0,8425.0,4345.0,8952.0,3903.0,1530.0,2583.0,1084.0,2135.0,1498.0,1537.0,315.0,37.0,61062.0,273.0,1375.0,5633.0,9709.0,12219.0,12641.0,8153.0,4189.0,3688.0,3182.0,61062.0,136.0,651.0,2766.0,4990.0,6612.0,6896.0,4156.0,1909.0,2148.0,2430.0,32694.0,137.0,724.0,2867.0,4719.0,5607.0,5745.0,3997.0,2280.0,1540.0,752.0,28368.0,,,,,,,,,,,,,,,,5.0,12.0,34.0,133.0,351.0,512.0,1047.0,,,,,1.0,5.0,9.0,42.0,161.0,326.0,544.0,,,,,4.0,7.0,25.0,91.0,190.0,186.0,503.0,537.0,510.0,,,,,,,Wednesday
269,3,2020-11-19,F13,467265.0,5673.0,62432.0,1546.0,465897.0,5673.0,62431.0,1546.0,,,,,1368.0,,1.0,,62611.0,1549.0,19925.0,41691.0,42686.0,,,4995.0,57616.0,1238.0,202.0,153.0,4510.0,2572.0,964.0,17207.0,8119.0,8696.0,4479.0,9089.0,4003.0,1582.0,2619.0,1113.0,2204.0,1534.0,1610.0,319.0,37.0,62611.0,281.0,1389.0,5761.0,9941.0,12482.0,12896.0,8369.0,4288.0,3840.0,3364.0,62611.0,139.0,656.0,2840.0,5103.0,6770.0,7053.0,4262.0,1955.0,2252.0,2582.0,33612.0,142.0,733.0,2921.0,4838.0,5712.0,5843.0,4107.0,2333.0,1588.0,782.0,28999.0,,,,,,,,,,,,,,,,5.0,12.0,34.0,139.0,367.0,527.0,1084.0,,,,,1.0,5.0,9.0,44.0,167.0,336.0,562.0,,,,,4.0,7.0,25.0,95.0,200.0,191.0,522.0,557.0,527.0,,,,,,,Thursday
270,4,2020-11-20,F13,473845.0,6580.0,64119.0,1687.0,472477.0,6580.0,64118.0,1687.0,,,,,1368.0,,1.0,,64302.0,1691.0,20003.0,43273.0,44299.0,,,5175.0,59127.0,1254.0,199.0,148.0,4620.0,2640.0,995.0,17512.0,8365.0,9035.0,4623.0,9261.0,4122.0,1639.0,2745.0,1122.0,2273.0,1584.0,1659.0,324.0,38.0,64302.0,284.0,1404.0,5902.0,10220.0,12764.0,13236.0,8629.0,4425.0,3959.0,3479.0,64302.0,139.0,665.0,2912.0,5253.0,6905.0,7239.0,4399.0,2014.0,2322.0,2668.0,34516.0,145.0,739.0,2990.0,4967.0,5859.0,5997.0,4230.0,2411.0,1637.0,811.0,29786.0,,,,,,,,,,,,,,,,5.0,14.0,34.0,142.0,388.0,544.0,1127.0,,,,,1.0,7.0,9.0,44.0,176.0,348.0,585.0,,,,,4.0,7.0,25.0,98.0,212.0,196.0,542.0,578.0,549.0,,,,,,,Friday
271,5,2020-11-21,F13,477279.0,3434.0,65142.0,1023.0,475911.0,3434.0,65141.0,1023.0,,,,,1368.0,,1.0,,65327.0,1025.0,20137.0,44138.0,45190.0,,,5290.0,60037.0,1219.0,195.0,147.0,4735.0,2769.0,1026.0,17689.0,8521.0,9262.0,4735.0,9344.0,4171.0,1644.0,2830.0,1174.0,2312.0,1597.0,1681.0,328.0,39.0,65327.0,286.0,1409.0,5982.0,10390.0,12948.0,13458.0,8789.0,4517.0,4025.0,3523.0,65327.0,139.0,668.0,2949.0,5348.0,6998.0,7357.0,4476.0,2051.0,2359.0,2698.0,35043.0,147.0,741.0,3033.0,5042.0,5950.0,6101.0,4313.0,2466.0,1666.0,825.0,30284.0,,,,,,,,,,,,,,,,5.0,14.0,35.0,147.0,398.0,554.0,1153.0,,,,,1.0,7.0,9.0,45.0,180.0,353.0,595.0,,,,,4.0,7.0,26.0,102.0,218.0,201.0,558.0,592.0,561.0,,,,,,,Saturday
272,6,2020-11-22,F13,479021.0,1742.0,65612.0,470.0,477653.0,1742.0,65611.0,470.0,,,,,1368.0,,1.0,,65798.0,471.0,20142.0,44559.0,45656.0,,,5344.0,60454.0,1244.0,197.0,152.0,4817.0,2808.0,1052.0,17764.0,8576.0,9398.0,4821.0,9371.0,4206.0,1659.0,2851.0,1174.0,2317.0,1599.0,1694.0,329.0,39.0,65798.0,291.0,1412.0,6024.0,10478.0,13019.0,13549.0,8840.0,4547.0,4074.0,3564.0,65798.0,141.0,671.0,2970.0,5400.0,7029.0,7398.0,4499.0,2069.0,2391.0,2735.0,35303.0,150.0,741.0,3054.0,5078.0,5990.0,6151.0,4341.0,2478.0,1683.0,829.0,30495.0,,,,,,,,,,,,,,,,5.0,14.0,35.0,151.0,411.0,590.0,1206.0,,,,,1.0,7.0,9.0,46.0,188.0,380.0,631.0,,,,,4.0,7.0,26.0,105.0,223.0,210.0,575.0,630.0,576.0,,,,,,,Sunday
273,0,2020-11-23,F13,484617.0,5596.0,66913.0,1301.0,483249.0,5596.0,66912.0,1301.0,,,,,1368.0,,1.0,,67106.0,1308.0,20361.0,45589.0,46745.0,,,5573.0,61533.0,1292.0,202.0,152.0,4921.0,2839.0,1097.0,18088.0,8784.0,9542.0,4949.0,9525.0,4300.0,1696.0,2912.0,1195.0,2352.0,1642.0,1745.0,337.0,39.0,67106.0,295.0,1422.0,6104.0,10682.0,13229.0,13807.0,9025.0,4645.0,4179.0,3718.0,67106.0,143.0,675.0,3015.0,5508.0,7141.0,7541.0,4594.0,2111.0,2448.0,2859.0,36035.0,152.0,747.0,3089.0,5174.0,6088.0,6266.0,4431.0,2534.0,1731.0,859.0,31071.0,,,,,,,,,,,,,,,,5.0,14.0,35.0,160.0,428.0,620.0,1262.0,,,,,1.0,7.0,9.0,48.0,199.0,400.0,664.0,,,,,4.0,7.0,26.0,112.0,229.0,220.0,598.0,661.0,601.0,,,,,,,Monday
274,1,2020-11-24,F13,492680.0,8063.0,69138.0,2225.0,491312.0,8063.0,69137.0,2225.0,,,,,1368.0,,1.0,,69340.0,2234.0,20367.0,47774.0,48973.0,,,5835.0,63505.0,1299.0,204.0,147.0,5047.0,2918.0,1156.0,18452.0,9165.0,9958.0,5111.0,9707.0,4509.0,1752.0,3069.0,1245.0,2417.0,1720.0,1847.0,349.0,39.0,69340.0,303.0,1438.0,6276.0,11044.0,13685.0,14241.0,9332.0,4793.0,4346.0,3882.0,69340.0,146.0,686.0,3106.0,5708.0,7397.0,7786.0,4755.0,2178.0,2556.0,2992.0,37310.0,157.0,752.0,3170.0,5336.0,6288.0,6455.0,4577.0,2615.0,1790.0,890.0,32030.0,,,,,,,,,,,,,,,,5.0,14.0,40.0,165.0,447.0,635.0,1306.0,,,,,1.0,7.0,11.0,50.0,205.0,409.0,683.0,,,,,4.0,7.0,29.0,115.0,242.0,226.0,623.0,684.0,622.0,,,,,,,Tuesday
275,2,2020-11-25,F13,500076.0,7396.0,70906.0,1768.0,498708.0,7396.0,70905.0,1768.0,,,,,1368.0,,1.0,,71122.0,1782.0,20217.0,49660.0,50905.0,,,6024.0,65098.0,1297.0,203.0,150.0,5190.0,3031.0,1199.0,18893.0,9455.0,10235.0,5237.0,9830.0,4633.0,1832.0,3150.0,1276.0,2489.0,1784.0,1913.0,356.0,39.0,71122.0,311.0,1455.0,6405.0,11340.0,14023.0,14594.0,9588.0,4912.0,4483.0,4011.0,71122.0,151.0,691.0,3174.0,5850.0,7564.0,7982.0,4888.0,2237.0,2634.0,3094.0,38265.0,160.0,764.0,3231.0,5490.0,6459.0,6612.0,4700.0,2675.0,1849.0,917.0,32857.0,,,,,,,,,,,,,,,,6.0,15.0,41.0,169.0,463.0,666.0,1360.0,,,,,1.0,8.0,12.0,50.0,212.0,431.0,714.0,,,,,5.0,7.0,29.0,119.0,251.0,235.0,646.0,713.0,647.0,,,,,,,Wednesday
276,3,2020-11-26,F13,506663.0,6587.0,72515.0,1609.0,505295.0,6587.0,72514.0,1609.0,,,,,1368.0,,1.0,,72734.0,1612.0,20313.0,51128.0,52421.0,,,6252.0,66482.0,1302.0,212.0,152.0,5317.0,3122.0,1245.0,19131.0,9751.0,10491.0,5361.0,9951.0,4812.0,1865.0,3220.0,1332.0,2546.0,1854.0,2020.0,361.0,39.0,72734.0,319.0,1471.0,6538.0,11567.0,14306.0,14918.0,9804.0,5049.0,4614.0,4148.0,72734.0,151.0,701.0,3248.0,5981.0,7699.0,8150.0,5004.0,2308.0,2717.0,3205.0,39164.0,168.0,770.0,3290.0,5586.0,6607.0,6768.0,4800.0,2741.0,1897.0,943.0,33570.0,,,,,,,,,,,,,,,,6.0,15.0,42.0,178.0,471.0,695.0,1407.0,,,,,1.0,8.0,12.0,54.0,216.0,452.0,743.0,,,,,5.0,7.0,30.0,124.0,255.0,243.0,664.0,749.0,658.0,,,,,,,Thursday
277,4,2020-11-27,F13,513601.0,6938.0,74106.0,1591.0,512233.0,6938.0,74105.0,1591.0,,,,,1368.0,,1.0,,74335.0,1601.0,20174.0,52825.0,54161.0,,,6513.0,67822.0,1324.0,198.0,150.0,5477.0,3223.0,1293.0,19494.0,10019.0,10780.0,5475.0,10075.0,4943.0,1896.0,3262.0,1363.0,2612.0,1939.0,2070.0,368.0,39.0,74335.0,329.0,1483.0,6663.0,11816.0,14581.0,15215.0,10023.0,5169.0,4769.0,4287.0,74335.0,155.0,706.0,3310.0,6109.0,7856.0,8331.0,5099.0,2363.0,2820.0,3316.0,40065.0,174.0,777.0,3353.0,5707.0,6725.0,6884.0,4924.0,2806.0,1949.0,971.0,34270.0,,,,,,,,,,,,,,,,6.0,15.0,44.0,188.0,502.0,715.0,1470.0,,,,,1.0,8.0,12.0,59.0,224.0,467.0,771.0,,,,,5.0,7.0,32.0,129.0,278.0,248.0,699.0,787.0,683.0,,,,,,,Friday
278,5,2020-11-28,F13,517245.0,3644.0,75212.0,1106.0,515877.0,3644.0,75211.0,1106.0,,,,,1368.0,,1.0,,75444.0,1109.0,20361.0,53699.0,55083.0,,,6635.0,68809.0,1257.0,191.0,143.0,5565.0,3344.0,1336.0,19646.0,10154.0,11122.0,5585.0,10148.0,5006.0,1911.0,3332.0,1408.0,2648.0,1960.0,2110.0,375.0,39.0,75444.0,331.0,1492.0,6729.0,12003.0,14789.0,15415.0,10192.0,5268.0,4852.0,4373.0,75444.0,156.0,711.0,3341.0,6205.0,7961.0,8436.0,5183.0,2410.0,2870.0,3382.0,40655.0,175.0,781.0,3388.0,5798.0,6828.0,6979.0,5009.0,2858.0,1982.0,991.0,34789.0,,,,,,,,,,,,,,,,6.0,15.0,46.0,194.0,520.0,735.0,1516.0,,,,,1.0,8.0,13.0,62.0,235.0,480.0,799.0,,,,,5.0,7.0,33.0,132.0,285.0,255.0,717.0,819.0,697.0,,,,,,,Saturday
279,6,2020-11-29,F13,519120.0,1875.0,75637.0,425.0,517752.0,1875.0,75636.0,425.0,,,,,1368.0,,1.0,,75871.0,427.0,20288.0,54148.0,55583.0,,,6677.0,69194.0,1278.0,195.0,146.0,5677.0,3403.0,1384.0,19723.0,10184.0,11232.0,5652.0,10163.0,5022.0,1927.0,3359.0,1432.0,2659.0,1963.0,2138.0,378.0,39.0,75871.0,336.0,1497.0,6755.0,12085.0,14855.0,15496.0,10252.0,5310.0,4884.0,4401.0,75871.0,156.0,714.0,3357.0,6256.0,7990.0,8481.0,5212.0,2425.0,2893.0,3403.0,40887.0,180.0,783.0,3398.0,5829.0,6865.0,7015.0,5040.0,2885.0,1991.0,998.0,34984.0,,,,,,,,,,,,,,,,6.0,15.0,49.0,200.0,535.0,762.0,1567.0,,,,,1.0,8.0,14.0,66.0,240.0,498.0,827.0,,,,,5.0,7.0,35.0,134.0,295.0,264.0,740.0,851.0,716.0,,,,,,,Sunday
280,0,2020-11-30,F13,524988.0,5868.0,76928.0,1291.0,523620.0,5868.0,76927.0,1291.0,,,,,1368.0,,1.0,,77170.0,1299.0,20194.0,55486.0,56976.0,,,6918.0,70252.0,1298.0,202.0,141.0,5769.0,3439.0,1435.0,20013.0,10371.0,11410.0,5731.0,10291.0,5134.0,1969.0,3406.0,1489.0,2696.0,2020.0,2218.0,383.0,39.0,77170.0,340.0,1506.0,6862.0,12269.0,15075.0,15734.0,10417.0,5413.0,5016.0,4538.0,77170.0,160.0,719.0,3415.0,6339.0,8114.0,8626.0,5300.0,2476.0,2973.0,3509.0,41631.0,180.0,787.0,3447.0,5930.0,6961.0,7108.0,5117.0,2937.0,2043.0,1029.0,35539.0,,,,,,,,,,,,,,,,7.0,17.0,49.0,212.0,546.0,794.0,1625.0,,,,,1.0,8.0,14.0,67.0,245.0,521.0,856.0,,,,,6.0,9.0,35.0,145.0,301.0,273.0,769.0,884.0,741.0,,,,,,,Monday
281,1,2020-12-01,F13,532166.0,7178.0,79357.0,2429.0,530798.0,7178.0,79356.0,2438.0,,,,,1368.0,,1.0,,79608.0,2438.0,20614.0,57447.0,58994.0,,,7254.0,72354.0,1299.0,208.0,148.0,5895.0,3520.0,1490.0,20462.0,10711.0,11903.0,5877.0,10473.0,5357.0,2013.0,3488.0,1547.0,2808.0,2148.0,2386.0,395.0,40.0,79608.0,350.0,1523.0,7043.0,12628.0,15576.0,16212.0,10754.0,5588.0,5192.0,4742.0,79608.0,164.0,724.0,3513.0,6511.0,8389.0,8866.0,5456.0,2562.0,3087.0,3675.0,42947.0,186.0,799.0,3530.0,6117.0,7187.0,7346.0,5298.0,3026.0,2105.0,1067.0,36661.0,,,,,,,,,,,,,,,,7.0,17.0,51.0,220.0,562.0,832.0,1689.0,,,,,1.0,8.0,14.0,68.0,253.0,550.0,894.0,,,,,6.0,9.0,37.0,152.0,309.0,282.0,795.0,926.0,763.0,,,,,,,Tuesday
282,2,2020-12-02,F13,538870.0,6704.0,81129.0,1772.0,537502.0,6704.0,81128.0,1776.0,,,,,1368.0,,1.0,,81384.0,1776.0,20322.0,59470.0,61062.0,,,7447.0,73937.0,1285.0,197.0,144.0,6015.0,3614.0,1547.0,20827.0,10988.0,12162.0,5992.0,10637.0,5513.0,2075.0,3578.0,1609.0,2871.0,2228.0,2464.0,400.0,40.0,81384.0,361.0,1536.0,7203.0,12899.0,15907.0,16578.0,11008.0,5714.0,5313.0,4865.0,81384.0,170.0,731.0,3585.0,6656.0,8555.0,9066.0,5578.0,2630.0,3154.0,3772.0,43897.0,191.0,805.0,3618.0,6243.0,7352.0,7512.0,5430.0,3084.0,2159.0,1093.0,37487.0,,,,,,,,,,,,,,,,7.0,19.0,53.0,226.0,577.0,856.0,1738.0,,,,,1.0,8.0,14.0,71.0,256.0,564.0,914.0,,,,,6.0,11.0,39.0,155.0,321.0,292.0,824.0,959.0,779.0,,,,,,,Wednesday
283,3,2020-12-03,F13,545798.0,6928.0,82915.0,1786.0,544430.0,6928.0,82914.0,1786.0,,,,,,,,,83170.0,1786.0,20559.0,60958.0,62611.0,,,7702.0,75468.0,1289.0,195.0,138.0,6122.0,3688.0,1592.0,21154.0,11212.0,12571.0,6148.0,10759.0,5677.0,2099.0,3627.0,1676.0,2948.0,2298.0,2557.0,404.0,40.0,83170.0,369.0,1553.0,7346.0,13189.0,16259.0,16888.0,11252.0,5850.0,5444.0,5020.0,83170.0,175.0,736.0,3666.0,6798.0,8739.0,9244.0,5710.0,2698.0,3238.0,3902.0,44906.0,194.0,817.0,3680.0,6391.0,7520.0,7644.0,5542.0,3152.0,2206.0,1118.0,38264.0,,,,,,,,,,,,,,,,7.0,19.0,54.0,233.0,594.0,905.0,1812.0,,,,,1.0,8.0,15.0,75.0,265.0,602.0,966.0,,,,,6.0,11.0,39.0,158.0,329.0,303.0,846.0,1011.0,801.0,,,,,,,Thursday
284,4,2020-12-04,F13,552142.0,6344.0,84562.0,1647.0,550774.0,6344.0,84561.0,1647.0,,,,,,,,,84817.0,1647.0,20515.0,62602.0,64302.0,,,7920.0,76897.0,1284.0,199.0,138.0,6245.0,3774.0,1653.0,21420.0,11459.0,12904.0,6246.0,10893.0,5812.0,2133.0,3682.0,1737.0,3026.0,2411.0,2637.0,416.0,41.0,84817.0,377.0,1562.0,7464.0,13467.0,16562.0,17201.0,11480.0,5974.0,5570.0,5160.0,84817.0,178.0,742.0,3735.0,6935.0,8906.0,9411.0,5831.0,2754.0,3314.0,4008.0,45814.0,199.0,820.0,3729.0,6532.0,7656.0,7790.0,5649.0,3220.0,2256.0,1152.0,39003.0,,,,,,,,,,,,,,,,8.0,19.0,56.0,238.0,610.0,932.0,1863.0,,,,,2.0,8.0,15.0,77.0,270.0,618.0,990.0,,,,,6.0,11.0,41.0,161.0,340.0,314.0,873.0,1044.0,819.0,,,,,,,Friday
285,5,2020-12-05,F13,555886.0,3744.0,85595.0,1033.0,554518.0,3744.0,85594.0,1033.0,,,,,,,,,85850.0,1033.0,20523.0,63583.0,65327.0,,,8032.0,77818.0,1272.0,195.0,136.0,6387.0,3896.0,1700.0,21583.0,11600.0,13160.0,6366.0,10950.0,5895.0,2145.0,3764.0,1756.0,3089.0,2416.0,2665.0,420.0,41.0,85850.0,381.0,1567.0,7566.0,13648.0,16758.0,17372.0,11612.0,6069.0,5651.0,5226.0,85850.0,180.0,745.0,3789.0,7028.0,8999.0,9513.0,5910.0,2802.0,3369.0,4058.0,46393.0,201.0,822.0,3777.0,6620.0,7759.0,7859.0,5702.0,3267.0,2282.0,1168.0,39457.0,,,,,,,,,,,,,,,,8.0,20.0,57.0,243.0,627.0,957.0,1912.0,,,,,2.0,8.0,15.0,78.0,278.0,635.0,1016.0,,,,,6.0,12.0,42.0,165.0,349.0,322.0,896.0,1075.0,837.0,,,,,,,Saturday
286,6,2020-12-06,F13,557637.0,1751.0,86075.0,480.0,556269.0,1751.0,86074.0,480.0,,,,,,,,,86330.0,480.0,20532.0,64002.0,65798.0,,,8087.0,78243.0,1302.0,200.0,138.0,6499.0,3947.0,1744.0,21664.0,11660.0,13276.0,6435.0,10973.0,5917.0,2150.0,3821.0,1757.0,3094.0,2417.0,2700.0,425.0,41.0,86330.0,384.0,1568.0,7594.0,13743.0,16854.0,17454.0,11679.0,6106.0,5688.0,5260.0,86330.0,181.0,746.0,3803.0,7074.0,9050.0,9553.0,5945.0,2816.0,3390.0,4083.0,46641.0,203.0,822.0,3791.0,6669.0,7804.0,7901.0,5734.0,3290.0,2298.0,1177.0,39689.0,,,,,,,,,,,,,,,,8.0,21.0,62.0,250.0,646.0,984.0,1971.0,,,,,2.0,9.0,17.0,81.0,289.0,655.0,1053.0,,,,,6.0,12.0,45.0,169.0,357.0,329.0,918.0,1110.0,861.0,,,,,,,Sunday
287,0,2020-12-07,F13,563795.0,6158.0,87705.0,1630.0,562427.0,6158.0,87704.0,1630.0,,,,,,,,,87960.0,1630.0,20854.0,65244.0,67106.0,,,8366.0,79594.0,1301.0,194.0,138.0,6581.0,3992.0,1796.0,22070.0,11847.0,13482.0,6517.0,11119.0,6077.0,2210.0,3860.0,1811.0,3161.0,2494.0,2841.0,430.0,41.0,87960.0,389.0,1581.0,7697.0,14023.0,17126.0,17769.0,11875.0,6230.0,5851.0,5419.0,87960.0,184.0,754.0,3856.0,7216.0,9200.0,9722.0,6051.0,2873.0,3496.0,4205.0,47557.0,205.0,827.0,3841.0,6807.0,7926.0,8047.0,5824.0,3357.0,2355.0,1214.0,40403.0,,,,,,,,,,,,,,,,8.0,21.0,65.0,259.0,662.0,1016.0,2031.0,,,,,2.0,9.0,17.0,85.0,298.0,674.0,1085.0,,,,,6.0,12.0,48.0,174.0,364.0,342.0,946.0,1148.0,883.0,,,,,,,Monday
288,1,2020-12-08,F13,570798.0,7003.0,89845.0,2140.0,569430.0,7003.0,89844.0,2140.0,,,,,,,,,90100.0,2140.0,20760.0,67440.0,69340.0,,,8500.0,81600.0,1304.0,190.0,125.0,6717.0,4078.0,1862.0,22463.0,12119.0,13769.0,6706.0,11305.0,6367.0,2272.0,3929.0,1876.0,3278.0,2593.0,2945.0,437.0,41.0,90100.0,399.0,1596.0,7876.0,14378.0,17558.0,18212.0,12187.0,6407.0,5977.0,5510.0,90100.0,189.0,763.0,3946.0,7393.0,9404.0,9970.0,6204.0,2955.0,3561.0,4269.0,48654.0,210.0,833.0,3930.0,6985.0,8154.0,8242.0,5983.0,3452.0,2416.0,1241.0,41446.0,,,,,,,,,,,,,,,,8.0,21.0,68.0,263.0,673.0,1041.0,2074.0,,,,,2.0,9.0,17.0,86.0,304.0,689.0,1107.0,,,,,6.0,12.0,51.0,177.0,369.0,352.0,967.0,1182.0,892.0,,,,,,,Tuesday
289,2,2020-12-09,F13,577208.0,6410.0,91697.0,1852.0,575840.0,6410.0,91696.0,1852.0,,,,,,,,,91952.0,1852.0,20830.0,69173.0,71122.0,,,8626.0,83326.0,1282.0,197.0,136.0,6823.0,4182.0,1900.0,22767.0,12516.0,14182.0,6828.0,11428.0,6508.0,2300.0,4028.0,1911.0,3299.0,2663.0,3037.0,443.0,42.0,91952.0,412.0,1615.0,8015.0,14729.0,17909.0,18611.0,12448.0,6538.0,6084.0,5591.0,91952.0,192.0,770.0,4016.0,7588.0,9573.0,10199.0,6314.0,3019.0,3620.0,4334.0,49625.0,220.0,845.0,3999.0,7141.0,8336.0,8412.0,6134.0,3519.0,2464.0,1257.0,42327.0,,,,,,,,,,,,,,,,8.0,21.0,71.0,271.0,685.0,1073.0,2129.0,,,,,2.0,9.0,18.0,88.0,311.0,713.0,1141.0,,,,,6.0,12.0,53.0,183.0,374.0,360.0,988.0,1220.0,909.0,,,,,,,Wednesday
290,3,2020-12-10,F13,583661.0,6453.0,93513.0,1816.0,582293.0,6453.0,93512.0,1816.0,,,,,,,,,93768.0,1816.0,21034.0,70736.0,72734.0,,,8809.0,84959.0,1258.0,188.0,134.0,6933.0,4279.0,1949.0,23100.0,12793.0,14427.0,6963.0,11562.0,6722.0,2372.0,4099.0,1957.0,3380.0,2736.0,3163.0,450.0,44.0,93768.0,423.0,1641.0,8152.0,15020.0,18240.0,18947.0,12731.0,6687.0,6224.0,5703.0,93768.0,197.0,785.0,4091.0,7725.0,9743.0,10396.0,6459.0,3092.0,3699.0,4418.0,50605.0,226.0,856.0,4061.0,7295.0,8497.0,8551.0,6272.0,3595.0,2525.0,1285.0,43163.0,,,,,,,,,,,,,,,,8.0,22.0,73.0,277.0,706.0,1100.0,2186.0,,,,,2.0,10.0,18.0,90.0,325.0,730.0,1175.0,,,,,6.0,12.0,55.0,187.0,381.0,370.0,1011.0,1257.0,929.0,,,,,,,Thursday
291,4,2020-12-11,F13,589788.0,6127.0,95263.0,1750.0,588420.0,6127.0,95262.0,1750.0,,,,,,,,,95518.0,1750.0,21183.0,72294.0,74335.0,,,8932.0,86586.0,1268.0,196.0,135.0,7090.0,4392.0,1998.0,23400.0,13093.0,14743.0,7067.0,11709.0,6887.0,2424.0,4144.0,2002.0,3460.0,2813.0,3275.0,457.0,44.0,95518.0,435.0,1659.0,8290.0,15326.0,18574.0,19309.0,12994.0,6807.0,6341.0,5783.0,95518.0,205.0,792.0,4169.0,7884.0,9921.0,10579.0,6592.0,3151.0,3769.0,4484.0,51546.0,230.0,867.0,4121.0,7442.0,8653.0,8730.0,6402.0,3656.0,2572.0,1299.0,43972.0,,,,,,,,,,,,,,,,8.0,23.0,74.0,283.0,725.0,1126.0,2239.0,,,,,2.0,10.0,19.0,94.0,337.0,744.0,1206.0,,,,,6.0,13.0,55.0,189.0,388.0,382.0,1033.0,1291.0,948.0,,,,,,,Friday
292,5,2020-12-12,F13,592436.0,2648.0,96097.0,834.0,591068.0,2648.0,96096.0,834.0,,,,,,,,,96352.0,834.0,20908.0,73381.0,75444.0,,,8976.0,87376.0,1276.0,192.0,136.0,7247.0,4513.0,2041.0,23575.0,13229.0,14895.0,7151.0,11799.0,6964.0,2429.0,4175.0,2010.0,3491.0,2825.0,3306.0,459.0,44.0,96352.0,441.0,1662.0,8351.0,15465.0,18737.0,19462.0,13130.0,6877.0,6402.0,5825.0,96352.0,209.0,792.0,4197.0,7957.0,10014.0,10655.0,6669.0,3180.0,3803.0,4518.0,51994.0,232.0,870.0,4154.0,7508.0,8723.0,8807.0,6461.0,3697.0,2599.0,1307.0,44358.0,,,,,,,,,,,,,,,,8.0,23.0,76.0,286.0,739.0,1146.0,2278.0,,,,,2.0,10.0,20.0,95.0,345.0,756.0,1228.0,,,,,6.0,13.0,56.0,191.0,394.0,390.0,1050.0,1317.0,961.0,,,,,,,Saturday
293,6,2020-12-13,F13,594115.0,1679.0,96530.0,433.0,592747.0,1679.0,96529.0,433.0,,,,,,,,,96785.0,433.0,20914.0,73764.0,75871.0,,,9024.0,87761.0,1315.0,200.0,145.0,7353.0,4565.0,2063.0,23659.0,13245.0,15036.0,7205.0,11812.0,7022.0,2433.0,4211.0,2012.0,3495.0,2830.0,3320.0,461.0,44.0,96785.0,442.0,1665.0,8376.0,15525.0,18822.0,19543.0,13188.0,6922.0,6440.0,5862.0,96785.0,209.0,793.0,4209.0,7991.0,10063.0,10696.0,6695.0,3201.0,3826.0,4545.0,52228.0,233.0,872.0,4167.0,7534.0,8759.0,8847.0,6493.0,3721.0,2614.0,1317.0,44557.0,,,,,,,,,,,,,,,,8.0,23.0,79.0,290.0,754.0,1170.0,2324.0,,,,,2.0,10.0,21.0,96.0,352.0,772.0,1253.0,,,,,6.0,13.0,58.0,194.0,402.0,398.0,1071.0,1343.0,981.0,,,,,,,Sunday
294,0,2020-12-14,F13,599749.0,5634.0,98062.0,1532.0,598381.0,5634.0,98061.0,1532.0,,,,,,,,,98317.0,1532.0,21147.0,75019.0,77170.0,,,9259.0,89058.0,1320.0,207.0,152.0,7433.0,4613.0,2107.0,24010.0,13484.0,15222.0,7297.0,11941.0,7161.0,2493.0,4247.0,2049.0,3584.0,2904.0,3417.0,462.0,46.0,98317.0,445.0,1675.0,8469.0,15764.0,19095.0,19850.0,13404.0,7035.0,6574.0,6006.0,98317.0,211.0,799.0,4267.0,8109.0,10201.0,10865.0,6809.0,3249.0,3910.0,4662.0,53082.0,234.0,876.0,4202.0,7655.0,8894.0,8985.0,6595.0,3786.0,2664.0,1344.0,45235.0,,,,,,,,,,,,,,,,8.0,23.0,81.0,295.0,775.0,1197.0,2379.0,,,,,2.0,10.0,22.0,98.0,363.0,791.0,1286.0,,,,,6.0,13.0,59.0,197.0,412.0,406.0,1093.0,1382.0,997.0,,,,,,,Monday
295,1,2020-12-15,F13,606328.0,6579.0,100174.0,2112.0,604960.0,6579.0,100173.0,2112.0,2825.0,2825.0,,,,,,,100429.0,2112.0,20821.0,77415.0,79608.0,,,9441.0,90988.0,1284.0,204.0,149.0,7548.0,4740.0,2151.0,24338.0,13876.0,15498.0,7461.0,12121.0,7452.0,2545.0,4347.0,2119.0,3658.0,3008.0,3493.0,465.0,48.0,100429.0,457.0,1712.0,8615.0,16101.0,19505.0,20283.0,13736.0,7189.0,6703.0,6128.0,100429.0,215.0,813.0,4347.0,8289.0,10400.0,11110.0,6967.0,3324.0,3992.0,4761.0,54218.0,242.0,899.0,4268.0,7812.0,9105.0,9173.0,6769.0,3865.0,2711.0,1367.0,46211.0,,,,,,,,,,,,,,,,9.0,23.0,82.0,298.0,793.0,1226.0,2431.0,,,,,2.0,10.0,22.0,100.0,374.0,807.0,1315.0,,,,,7.0,13.0,60.0,198.0,419.0,419.0,1116.0,1420.0,1011.0,,,,,,,Tuesday
296,2,2020-12-16,F13,612678.0,6350.0,101822.0,1648.0,611310.0,6350.0,101821.0,1648.0,2761.0,5586.0,,,,,,,102077.0,1648.0,20693.0,79148.0,81384.0,,,9524.0,92553.0,1251.0,210.0,149.0,7665.0,4868.0,2193.0,24669.0,14109.0,15749.0,7575.0,12267.0,7612.0,2613.0,4394.0,2144.0,3711.0,3097.0,3617.0,470.0,50.0,102077.0,471.0,1734.0,8746.0,16369.0,19860.0,20606.0,13971.0,7327.0,6801.0,6192.0,102077.0,221.0,826.0,4408.0,8426.0,10580.0,11281.0,7097.0,3390.0,4049.0,4809.0,55087.0,250.0,908.0,4338.0,7943.0,9280.0,9325.0,6874.0,3937.0,2752.0,1383.0,46990.0,,,,,,,,,,,,,,,,9.0,23.0,82.0,305.0,802.0,1252.0,2473.0,,,,,2.0,10.0,22.0,102.0,379.0,824.0,1339.0,,,,,7.0,13.0,60.0,203.0,423.0,428.0,1134.0,1447.0,1026.0,,,,,,,Wednesday
297,3,2020-12-17,F13,618540.0,5862.0,103339.0,1517.0,617172.0,5862.0,103338.0,1517.0,2996.0,8582.0,,,,,,,103594.0,1517.0,20424.0,80892.0,83170.0,,,9617.0,93977.0,1229.0,207.0,149.0,7788.0,4984.0,2236.0,24996.0,14329.0,16083.0,7678.0,12369.0,7756.0,2665.0,4426.0,2166.0,3752.0,3159.0,3684.0,473.0,58.0,103594.0,478.0,1752.0,8862.0,16627.0,20159.0,20907.0,14194.0,7450.0,6902.0,6263.0,103594.0,224.0,833.0,4467.0,8572.0,10744.0,11432.0,7214.0,3444.0,4111.0,4859.0,55900.0,254.0,919.0,4395.0,8055.0,9415.0,9475.0,6980.0,4006.0,2791.0,1404.0,47694.0,,,,,,,,,,,,,,,,9.0,23.0,83.0,308.0,818.0,1271.0,2512.0,,,,,2.0,10.0,22.0,103.0,386.0,837.0,1360.0,,,,,7.0,13.0,61.0,205.0,432.0,434.0,1152.0,1471.0,1041.0,,,,,,,Thursday
298,4,2020-12-18,F13,624140.0,5600.0,104769.0,1430.0,622772.0,5600.0,104768.0,1430.0,2872.0,11454.0,,,,,,,105024.0,1430.0,20207.0,82499.0,84817.0,,,9715.0,95309.0,1212.0,206.0,151.0,7893.0,5081.0,2278.0,25264.0,14532.0,16308.0,7791.0,12471.0,7946.0,2725.0,4474.0,2211.0,3812.0,3218.0,3732.0,475.0,65.0,105024.0,488.0,1764.0,8958.0,16875.0,20455.0,21174.0,14418.0,7563.0,7006.0,6323.0,105024.0,226.0,838.0,4509.0,8693.0,10905.0,11594.0,7315.0,3497.0,4177.0,4910.0,56664.0,262.0,926.0,4449.0,8182.0,9550.0,9580.0,7103.0,4066.0,2829.0,1413.0,48360.0,,,,,,,,,,,,,,,,10.0,23.0,84.0,313.0,830.0,1294.0,2554.0,,,,,3.0,10.0,23.0,104.0,392.0,851.0,1383.0,,,,,7.0,13.0,61.0,209.0,438.0,443.0,1171.0,1497.0,1057.0,,,,,,,Friday
299,5,2020-12-19,F13,626786.0,2646.0,105651.0,882.0,625418.0,2646.0,105650.0,882.0,330.0,11784.0,,,,,,,105906.0,882.0,20056.0,83492.0,85850.0,,,9735.0,96171.0,1199.0,203.0,144.0,7997.0,5174.0,2318.0,25466.0,14628.0,16549.0,7870.0,12518.0,8025.0,2736.0,4519.0,2214.0,3823.0,3221.0,3790.0,478.0,69.0,105906.0,492.0,1774.0,9033.0,17061.0,20613.0,21316.0,14567.0,7653.0,7050.0,6347.0,105906.0,229.0,844.0,4541.0,8790.0,10994.0,11677.0,7387.0,3542.0,4199.0,4926.0,57129.0,263.0,930.0,4492.0,8271.0,9619.0,9639.0,7180.0,4111.0,2851.0,1421.0,48777.0,,,,,,,,,,,,,,,,10.0,23.0,86.0,315.0,844.0,1316.0,2594.0,,,,,3.0,10.0,23.0,105.0,399.0,866.0,1406.0,,,,,7.0,13.0,63.0,210.0,445.0,450.0,1188.0,1521.0,1073.0,,,,,,,Saturday
300,6,2020-12-20,F13,628232.0,1446.0,106047.0,396.0,626864.0,1446.0,106046.0,396.0,187.0,11971.0,,,,,,,106302.0,396.0,19972.0,83947.0,86330.0,,,9754.0,96548.0,1214.0,202.0,145.0,8081.0,5215.0,2358.0,25543.0,14655.0,16666.0,7936.0,12531.0,8062.0,2743.0,4541.0,2218.0,3832.0,3223.0,3804.0,479.0,69.0,106302.0,495.0,1781.0,9063.0,17124.0,20701.0,21371.0,14622.0,7693.0,7085.0,6367.0,106302.0,231.0,849.0,4563.0,8823.0,11042.0,11710.0,7406.0,3552.0,4218.0,4939.0,57333.0,264.0,932.0,4500.0,8301.0,9659.0,9661.0,7216.0,4141.0,2867.0,1428.0,48969.0,,,,,,,,,,,,,,,,10.0,23.0,87.0,319.0,857.0,1325.0,2621.0,,,,,3.0,10.0,23.0,106.0,406.0,872.0,1420.0,,,,,7.0,13.0,64.0,213.0,451.0,453.0,1201.0,1536.0,1085.0,,,,,,,Sunday
301,0,2020-12-21,F14,633995.0,5763.0,107529.0,1482.0,632627.0,5763.0,107528.0,1482.0,3094.0,15065.0,69.0,69.0,,,,,107853.0,1551.0,19893.0,85538.0,87960.0,,,9968.0,97885.0,1271.0,207.0,153.0,8179.0,5237.0,2383.0,25873.0,14889.0,16836.0,8048.0,12642.0,8253.0,2788.0,4601.0,2272.0,3872.0,3347.0,3876.0,481.0,75.0,107853.0,501.0,1804.0,9150.0,17347.0,20992.0,21666.0,14844.0,7819.0,7231.0,6499.0,107853.0,235.0,858.0,4610.0,8942.0,11193.0,11881.0,7516.0,3603.0,4308.0,5042.0,58188.0,266.0,946.0,4540.0,8405.0,9799.0,9785.0,7328.0,4216.0,2923.0,1457.0,49665.0,,,,,,,,,,,,,,,,11.0,23.0,89.0,320.0,873.0,1350.0,2666.0,,,,,4.0,10.0,23.0,106.0,416.0,886.0,1445.0,,,,,7.0,13.0,66.0,214.0,457.0,464.0,1221.0,1566.0,1100.0,,,,,,,Monday
302,1,2020-12-22,F14,640519.0,6524.0,109441.0,1912.0,639151.0,6524.0,109440.0,1912.0,5470.0,20535.0,245.0,314.0,,,,,110010.0,2157.0,19910.0,87642.0,90100.0,,,10116.0,99894.0,1261.0,209.0,156.0,8313.0,5356.0,2422.0,26277.0,15210.0,17167.0,8168.0,12784.0,8560.0,2852.0,4666.0,2326.0,3964.0,3453.0,4012.0,483.0,88.0,110010.0,515.0,1831.0,9305.0,17700.0,21396.0,22104.0,15201.0,8008.0,7369.0,6581.0,110010.0,242.0,868.0,4703.0,9121.0,11410.0,12113.0,7682.0,3696.0,4382.0,5107.0,59324.0,273.0,963.0,4602.0,8579.0,9986.0,9991.0,7519.0,4312.0,2987.0,1474.0,50686.0,,,,,,,,,,,,,,,,11.0,23.0,90.0,326.0,885.0,1368.0,2703.0,,,,,4.0,10.0,23.0,108.0,424.0,896.0,1465.0,,,,,7.0,13.0,67.0,218.0,461.0,472.0,1238.0,1590.0,1113.0,,,,,,,Tuesday
303,2,2020-12-23,F14,646904.0,6385.0,111104.0,1663.0,645536.0,6385.0,111103.0,1663.0,9068.0,29603.0,401.0,715.0,,,,,112074.0,2064.0,20122.0,89467.0,91952.0,,,10205.0,101869.0,1226.0,208.0,153.0,8424.0,5479.0,2458.0,26678.0,15560.0,17545.0,8296.0,12931.0,8771.0,2910.0,4746.0,2359.0,4037.0,3517.0,4145.0,488.0,91.0,112074.0,526.0,1861.0,9466.0,18045.0,21788.0,22518.0,15551.0,8190.0,7480.0,6649.0,112074.0,245.0,882.0,4776.0,9314.0,11626.0,12334.0,7855.0,3784.0,4441.0,5166.0,60423.0,281.0,979.0,4690.0,8731.0,10162.0,10184.0,7696.0,4406.0,3039.0,1483.0,51651.0,,,,,,,,,,,,,,,,12.0,23.0,91.0,328.0,898.0,1383.0,2735.0,,,,,4.0,10.0,23.0,109.0,430.0,903.0,1479.0,,,,,8.0,13.0,68.0,219.0,468.0,480.0,1256.0,1608.0,1127.0,,,,,,,Wednesday
304,3,2020-12-24,F14,652091.0,5187.0,112469.0,1365.0,650723.0,5187.0,112468.0,1365.0,8505.0,38108.0,447.0,1162.0,,,,,113886.0,1812.0,20118.0,91254.0,93768.0,,,10276.0,103610.0,1189.0,211.0,160.0,8523.0,5599.0,2485.0,27075.0,15797.0,17845.0,8403.0,13055.0,8941.0,2965.0,4828.0,2383.0,4109.0,3574.0,4325.0,490.0,96.0,113886.0,537.0,1885.0,9629.0,18347.0,22123.0,22866.0,15845.0,8352.0,7592.0,6710.0,113886.0,249.0,889.0,4853.0,9466.0,11788.0,12522.0,8008.0,3859.0,4501.0,5212.0,61347.0,288.0,996.0,4776.0,8881.0,10335.0,10344.0,7837.0,4493.0,3091.0,1498.0,52539.0,,,,,,,,,,,,,,,1.0,12.0,24.0,92.0,336.0,906.0,1399.0,2770.0,,,,1.0,4.0,10.0,23.0,112.0,435.0,911.0,1496.0,,,,,8.0,14.0,69.0,224.0,471.0,488.0,1274.0,1623.0,1147.0,,,,,,,Thursday
305,4,2020-12-25,F14,653427.0,1336.0,112827.0,358.0,652059.0,1336.0,112826.0,358.0,259.0,38367.0,11.0,1173.0,,,,,114255.0,369.0,18737.0,92979.0,95518.0,,,10292.0,103963.0,1142.0,201.0,152.0,8614.0,5716.0,2514.0,27177.0,15816.0,17920.0,8466.0,13091.0,8965.0,2968.0,4845.0,2386.0,4118.0,3578.0,4336.0,490.0,99.0,114255.0,542.0,1888.0,9661.0,18399.0,22186.0,22932.0,15904.0,8387.0,7627.0,6729.0,114255.0,251.0,891.0,4870.0,9490.0,11816.0,12563.0,8032.0,3876.0,4517.0,5227.0,61533.0,291.0,997.0,4791.0,8909.0,10370.0,10369.0,7872.0,4511.0,3110.0,1502.0,52722.0,,,,,,,,,,,,,,,1.0,12.0,26.0,93.0,343.0,913.0,1415.0,2803.0,,,,1.0,4.0,11.0,23.0,116.0,439.0,922.0,1516.0,,,,,8.0,15.0,70.0,227.0,474.0,493.0,1287.0,1639.0,1164.0,,,,,,,Friday
306,5,2020-12-26,F14,655307.0,1880.0,113375.0,548.0,653939.0,1880.0,113374.0,548.0,758.0,39125.0,75.0,1248.0,,,,,114878.0,623.0,18526.0,93779.0,96352.0,,,10327.0,104551.0,1165.0,207.0,162.0,8694.0,5755.0,2539.0,27320.0,15899.0,17995.0,8495.0,13137.0,9027.0,2981.0,4908.0,2389.0,4159.0,3585.0,4391.0,493.0,99.0,114878.0,544.0,1896.0,9705.0,18507.0,22310.0,23063.0,15977.0,8451.0,7668.0,6757.0,114878.0,252.0,893.0,4898.0,9543.0,11881.0,12630.0,8064.0,3902.0,4541.0,5248.0,61852.0,292.0,1003.0,4807.0,8964.0,10429.0,10433.0,7913.0,4549.0,3127.0,1509.0,53026.0,,,,,,,,,,,,,,,1.0,12.0,26.0,94.0,347.0,922.0,1428.0,2830.0,,,,1.0,4.0,11.0,23.0,117.0,444.0,932.0,1532.0,,,,,8.0,15.0,71.0,230.0,478.0,496.0,1298.0,1655.0,1175.0,,,,,,11700.0,Saturday
307,6,2020-12-27,F14,656971.0,1664.0,113870.0,495.0,655603.0,1664.0,113869.0,495.0,453.0,39578.0,38.0,1286.0,,,,,115411.0,533.0,18626.0,94182.0,96785.0,,,10357.0,105054.0,1179.0,206.0,163.0,8770.0,5793.0,2573.0,27467.0,15920.0,18147.0,8588.0,13164.0,9060.0,2990.0,4926.0,2393.0,4167.0,3588.0,4407.0,494.0,100.0,115411.0,552.0,1905.0,9738.0,18594.0,22423.0,23158.0,16054.0,8486.0,7709.0,6792.0,115411.0,253.0,898.0,4921.0,9594.0,11945.0,12676.0,8101.0,3919.0,4561.0,5272.0,62140.0,299.0,1007.0,4817.0,9000.0,10478.0,10482.0,7953.0,4567.0,3148.0,1520.0,53271.0,,,,,,,,,,,,,,,1.0,13.0,26.0,97.0,355.0,940.0,1446.0,2878.0,,,,1.0,5.0,11.0,24.0,122.0,455.0,941.0,1559.0,,,,,8.0,15.0,73.0,233.0,485.0,505.0,1319.0,1671.0,1207.0,6040.0,6040.0,,,6040.0,11700.0,Sunday
308,0,2020-12-28,F14,662648.0,5677.0,115423.0,1553.0,661280.0,5677.0,115422.0,1553.0,6319.0,45897.0,439.0,1725.0,,,,,117403.0,1992.0,19086.0,95679.0,98317.0,,,10465.0,106938.0,1221.0,205.0,165.0,8869.0,5830.0,2603.0,27928.0,16177.0,18413.0,8669.0,13335.0,9265.0,3041.0,4976.0,2470.0,4229.0,3725.0,4570.0,500.0,105.0,117403.0,561.0,1922.0,9881.0,18953.0,22792.0,23556.0,16358.0,8693.0,7813.0,6874.0,117403.0,259.0,907.0,4989.0,9783.0,12150.0,12896.0,8252.0,4026.0,4614.0,5332.0,63208.0,302.0,1015.0,4892.0,9170.0,10642.0,10660.0,8106.0,4667.0,3199.0,1542.0,54195.0,,,,,,,,,,,,,,,1.0,13.0,26.0,97.0,365.0,954.0,1466.0,2922.0,,,,1.0,5.0,11.0,24.0,123.0,463.0,952.0,1579.0,,,,,8.0,15.0,73.0,242.0,491.0,514.0,1343.0,1694.0,1228.0,1547.0,7587.0,,,7587.0,11700.0,Monday
309,1,2020-12-29,F14,668412.0,5764.0,117275.0,1852.0,667044.0,5764.0,117274.0,1852.0,8422.0,54319.0,578.0,2303.0,,,,,119833.0,2430.0,19404.0,97757.0,100429.0,,,10619.0,109214.0,1170.0,204.0,158.0,9004.0,5987.0,2638.0,28413.0,16452.0,18748.0,8854.0,13508.0,9539.0,3137.0,5100.0,2551.0,4317.0,3881.0,4716.0,505.0,112.0,119833.0,573.0,1954.0,10069.0,19351.0,23276.0,23974.0,16765.0,8936.0,7963.0,6972.0,119833.0,265.0,924.0,5081.0,9975.0,12412.0,13120.0,8451.0,4143.0,4705.0,5406.0,64482.0,308.0,1030.0,4988.0,9376.0,10864.0,10854.0,8314.0,4793.0,3258.0,1566.0,55351.0,,,,,,,,,,,,,,,1.0,14.0,26.0,98.0,367.0,967.0,1480.0,2953.0,,,,1.0,5.0,11.0,24.0,124.0,471.0,963.0,1599.0,,,,,9.0,15.0,74.0,243.0,496.0,517.0,1354.0,1709.0,1244.0,1236.0,8823.0,,,8823.0,11700.0,Tuesday
310,2,2020-12-30,F14,674423.0,6011.0,119091.0,1816.0,673055.0,6011.0,119090.0,1816.0,9205.0,63524.0,613.0,2916.0,,,,,122262.0,2429.0,20185.0,99373.0,102077.0,,,10680.0,111582.0,1172.0,209.0,155.0,9127.0,6085.0,2672.0,28941.0,16862.0,19054.0,8988.0,13720.0,9791.0,3223.0,5230.0,2566.0,4447.0,3978.0,4836.0,506.0,120.0,122262.0,583.0,1993.0,10305.0,19774.0,23712.0,24429.0,17176.0,9152.0,8106.0,7032.0,122262.0,267.0,941.0,5215.0,10198.0,12659.0,13371.0,8659.0,4244.0,4781.0,5453.0,65788.0,316.0,1052.0,5090.0,9576.0,11053.0,11058.0,8517.0,4908.0,3325.0,1579.0,56474.0,,,,,,,,,,,,,,,1.0,14.0,26.0,102.0,372.0,974.0,1492.0,2981.0,,,,1.0,5.0,11.0,26.0,125.0,472.0,972.0,1612.0,,,,,9.0,15.0,76.0,247.0,502.0,520.0,1369.0,1721.0,1260.0,388.0,9211.0,,,9211.0,19890.0,Wednesday
311,3,2020-12-31,F14,678496.0,4073.0,120529.0,1438.0,677128.0,4073.0,120528.0,1438.0,5422.0,68946.0,334.0,3250.0,,,,,124034.0,1772.0,20440.0,100859.0,103594.0,,,10716.0,113318.0,1174.0,195.0,145.0,9251.0,6182.0,2704.0,29287.0,17102.0,19337.0,9132.0,13825.0,9978.0,3271.0,5319.0,2586.0,4557.0,4031.0,4972.0,509.0,128.0,124034.0,599.0,2027.0,10472.0,20077.0,24078.0,24752.0,17447.0,9296.0,8210.0,7076.0,124034.0,275.0,957.0,5303.0,10345.0,12877.0,13542.0,8796.0,4316.0,4838.0,5484.0,66733.0,324.0,1070.0,5169.0,9732.0,11201.0,11210.0,8651.0,4980.0,3372.0,1592.0,57301.0,,,,,,,,,,,,,,,1.0,14.0,26.0,104.0,376.0,987.0,1515.0,3023.0,,,,1.0,5.0,11.0,26.0,127.0,476.0,984.0,1630.0,,,,,9.0,15.0,78.0,249.0,511.0,531.0,1393.0,1745.0,1278.0,1853.0,11064.0,,,11064.0,19890.0,Thursday
312,4,2021-01-01,F14,679915.0,1419.0,120891.0,362.0,678547.0,1419.0,120890.0,362.0,290.0,69236.0,36.0,3286.0,,,,,124432.0,398.0,19408.0,102250.0,105024.0,,,10732.0,113700.0,1110.0,187.0,145.0,9342.0,6311.0,2735.0,29398.0,17154.0,19418.0,9170.0,13861.0,9995.0,3278.0,5335.0,2586.0,4567.0,4041.0,4990.0,510.0,129.0,124432.0,603.0,2034.0,10498.0,20151.0,24158.0,24814.0,17500.0,9336.0,8244.0,7094.0,124432.0,276.0,960.0,5320.0,10388.0,12919.0,13573.0,8826.0,4336.0,4857.0,5498.0,66953.0,327.0,1074.0,5178.0,9763.0,11239.0,11241.0,8674.0,5000.0,3387.0,1596.0,57479.0,,,,,,,,,,,,,,,1.0,16.0,26.0,106.0,385.0,997.0,1527.0,3058.0,,,,1.0,7.0,11.0,26.0,130.0,480.0,991.0,1646.0,,,,,9.0,15.0,80.0,255.0,517.0,536.0,1412.0,1754.0,1304.0,150.0,11214.0,,,11214.0,19890.0,Friday
313,5,2021-01-02,F14,682219.0,2304.0,121553.0,662.0,680851.0,2304.0,121552.0,662.0,1239.0,70475.0,99.0,3385.0,,,,,125193.0,761.0,19287.0,103103.0,105906.0,,,10784.0,114409.0,1111.0,186.0,140.0,9404.0,6345.0,2774.0,29509.0,17259.0,19515.0,9260.0,13941.0,10066.0,3292.0,5383.0,2588.0,4629.0,4045.0,5059.0,515.0,132.0,125193.0,608.0,2047.0,10559.0,20277.0,24297.0,24939.0,17630.0,9410.0,8302.0,7124.0,125193.0,276.0,965.0,5345.0,10450.0,12982.0,13635.0,8895.0,4364.0,4883.0,5516.0,67311.0,332.0,1082.0,5214.0,9827.0,11315.0,11304.0,8735.0,5046.0,3419.0,1608.0,57882.0,,,,,,,,,,,,,,,1.0,16.0,27.0,107.0,389.0,1004.0,1549.0,3093.0,,,,1.0,7.0,12.0,26.0,132.0,484.0,1007.0,1669.0,,,,,9.0,15.0,81.0,257.0,520.0,542.0,1424.0,1771.0,1322.0,404.0,11618.0,,,11618.0,19890.0,Saturday
314,6,2021-01-03,F14,684260.0,2041.0,122187.0,634.0,682892.0,2041.0,122186.0,634.0,887.0,71362.0,132.0,3517.0,,,,,125959.0,766.0,19657.0,103464.0,106302.0,,,10822.0,115137.0,1173.0,190.0,143.0,9518.0,6374.0,2803.0,29719.0,17315.0,19625.0,9349.0,13997.0,10133.0,3308.0,5414.0,2590.0,4657.0,4055.0,5147.0,515.0,135.0,125959.0,609.0,2061.0,10622.0,20420.0,24447.0,25096.0,17727.0,9472.0,8353.0,7152.0,125959.0,276.0,970.0,5366.0,10523.0,13064.0,13725.0,8947.0,4397.0,4917.0,5536.0,67721.0,333.0,1091.0,5256.0,9897.0,11383.0,11371.0,8780.0,5075.0,3436.0,1616.0,58238.0,,,,,,,,,,,,,,,1.0,16.0,27.0,109.0,395.0,1017.0,1561.0,3126.0,,,,1.0,7.0,12.0,27.0,134.0,490.0,1017.0,1688.0,,,,,9.0,15.0,82.0,261.0,527.0,544.0,1438.0,1784.0,1342.0,555.0,12173.0,,,12173.0,19890.0,Sunday
315,0,2021-01-04,F14,690226.0,5966.0,123869.0,1682.0,688858.0,5966.0,123868.0,1682.0,21327.0,92689.0,918.0,4435.0,,,,,128561.0,2602.0,20708.0,104985.0,107853.0,,,10914.0,117647.0,1209.0,194.0,145.0,9621.0,6412.0,2838.0,30246.0,17686.0,19967.0,9464.0,14225.0,10452.0,3389.0,5484.0,2657.0,4796.0,4166.0,5365.0,520.0,144.0,128561.0,618.0,2093.0,10850.0,20930.0,24964.0,25623.0,18105.0,9676.0,8488.0,7214.0,128561.0,282.0,988.0,5477.0,10770.0,13350.0,13992.0,9136.0,4489.0,4984.0,5584.0,69052.0,336.0,1105.0,5373.0,10160.0,11614.0,11631.0,8969.0,5187.0,3504.0,1630.0,59509.0,,,,,,,,,,,,,,,2.0,16.0,27.0,110.0,400.0,1031.0,1570.0,3156.0,,,,1.0,7.0,12.0,27.0,136.0,496.0,1023.0,1702.0,,,,1.0,9.0,15.0,83.0,264.0,535.0,547.0,1454.0,1793.0,1363.0,1080.0,13253.0,,,13253.0,39780.0,Monday
316,1,2021-01-05,F14,697182.0,6956.0,126475.0,2606.0,695814.0,6956.0,126474.0,2606.0,17985.0,110674.0,822.0,5257.0,,,,,131989.0,3428.0,21979.0,107111.0,110010.0,,,11037.0,120952.0,1193.0,188.0,141.0,9733.0,6520.0,2868.0,31040.0,18178.0,20328.0,9684.0,14512.0,10804.0,3495.0,5647.0,2716.0,4947.0,4333.0,5621.0,520.0,164.0,131989.0,635.0,2145.0,11210.0,21553.0,25660.0,26259.0,18621.0,9945.0,8647.0,7314.0,131989.0,292.0,1011.0,5670.0,11075.0,13692.0,14331.0,9400.0,4624.0,5084.0,5654.0,70833.0,343.0,1134.0,5540.0,10478.0,11968.0,11928.0,9221.0,5321.0,3563.0,1660.0,61156.0,,,,,,,,,,,,,,,2.0,16.0,29.0,113.0,407.0,1038.0,1588.0,3193.0,,,,1.0,7.0,13.0,27.0,139.0,499.0,1034.0,1720.0,,,,1.0,9.0,16.0,86.0,268.0,539.0,554.0,1473.0,1809.0,1384.0,2465.0,15718.0,,,15718.0,39780.0,Tuesday
317,2,2021-01-06,F14,703552.0,6370.0,128520.0,2045.0,702184.0,6370.0,128519.0,2045.0,13672.0,124346.0,652.0,5909.0,,,,,134686.0,2697.0,22612.0,109152.0,112074.0,,,11082.0,123604.0,1177.0,190.0,146.0,9847.0,6626.0,2899.0,31609.0,18652.0,20648.0,9859.0,14712.0,11004.0,3590.0,5780.0,2784.0,5103.0,4477.0,5774.0,522.0,172.0,134686.0,650.0,2188.0,11505.0,22018.0,26205.0,26776.0,19008.0,10175.0,8775.0,7386.0,134686.0,302.0,1033.0,5817.0,11304.0,13980.0,14600.0,9601.0,4743.0,5144.0,5701.0,72225.0,348.0,1155.0,5688.0,10714.0,12225.0,12176.0,9407.0,5432.0,3631.0,1685.0,62461.0,,,,,,,,,,,,,,,2.0,16.0,29.0,115.0,411.0,1043.0,1601.0,3217.0,,,,1.0,7.0,13.0,28.0,140.0,499.0,1044.0,1732.0,,,,1.0,9.0,16.0,87.0,271.0,544.0,557.0,1485.0,1818.0,1399.0,5278.0,20996.0,,,20996.0,39780.0,Wednesday
318,3,2021-01-07,F14,708811.0,5259.0,130118.0,1598.0,707443.0,5259.0,130117.0,1598.0,10596.0,134942.0,483.0,6392.0,,,,,136770.0,2084.0,22884.0,110939.0,113886.0,,,11225.0,125545.0,1169.0,189.0,143.0,9942.0,6710.0,2922.0,32054.0,18896.0,20991.0,9988.0,14879.0,11158.0,3643.0,5878.0,2830.0,5282.0,4575.0,5889.0,522.0,185.0,136770.0,657.0,2226.0,11716.0,22356.0,26582.0,27141.0,19309.0,10375.0,8925.0,7483.0,136770.0,305.0,1053.0,5913.0,11470.0,14180.0,14784.0,9766.0,4837.0,5222.0,5778.0,73308.0,352.0,1173.0,5803.0,10886.0,12402.0,12357.0,9543.0,5538.0,3703.0,1705.0,63462.0,,,,,,,,,,,,,,,2.0,16.0,29.0,116.0,414.0,1053.0,1616.0,3246.0,,,,1.0,7.0,13.0,28.0,141.0,505.0,1053.0,1748.0,,,,1.0,9.0,16.0,88.0,273.0,548.0,563.0,1498.0,1829.0,1417.0,5456.0,26452.0,,,26452.0,39780.0,Thursday
319,4,2021-01-08,F14,713706.0,4895.0,131501.0,1383.0,712338.0,4895.0,131500.0,1383.0,10432.0,145374.0,477.0,6869.0,,,,,138631.0,1861.0,24376.0,111282.0,114255.0,,,11255.0,127376.0,1160.0,191.0,139.0,10047.0,6803.0,2947.0,32506.0,19166.0,21237.0,10070.0,15034.0,11306.0,3694.0,5939.0,2880.0,5412.0,4658.0,6013.0,523.0,193.0,138631.0,671.0,2258.0,11915.0,22664.0,26954.0,27477.0,19587.0,10561.0,9022.0,7522.0,138631.0,311.0,1071.0,6008.0,11634.0,14374.0,14960.0,9908.0,4922.0,5276.0,5801.0,74265.0,360.0,1187.0,5907.0,11030.0,12580.0,12517.0,9679.0,5639.0,3746.0,1721.0,64366.0,,,,,,,,,,,,,,,2.0,16.0,29.0,117.0,420.0,1061.0,1629.0,3274.0,,,,1.0,7.0,13.0,28.0,142.0,511.0,1063.0,1765.0,,,,1.0,9.0,16.0,89.0,278.0,550.0,566.0,1509.0,1840.0,1434.0,3215.0,29667.0,1.0,1.0,29668.0,39780.0,Friday
320,5,2021-01-09,F14,716375.0,2669.0,132169.0,668.0,715007.0,2669.0,132168.0,668.0,2776.0,148150.0,95.0,6964.0,,,,,139394.0,763.0,24516.0,111880.0,114878.0,,,11290.0,128104.0,1143.0,192.0,138.0,10155.0,6909.0,2973.0,32653.0,19251.0,21367.0,10131.0,15103.0,11375.0,3698.0,5965.0,2883.0,5527.0,4664.0,6055.0,524.0,198.0,139394.0,681.0,2284.0,11980.0,22776.0,27101.0,27598.0,19683.0,10644.0,9086.0,7561.0,139394.0,312.0,1085.0,6043.0,11678.0,14454.0,15027.0,9955.0,4961.0,5314.0,5830.0,74659.0,369.0,1199.0,5937.0,11098.0,12647.0,12571.0,9728.0,5683.0,3772.0,1731.0,64735.0,,,,,,,,,,,,,,,2.0,16.0,30.0,118.0,424.0,1069.0,1648.0,3307.0,,,,1.0,7.0,13.0,29.0,144.0,516.0,1077.0,1787.0,,,,1.0,9.0,17.0,89.0,280.0,553.0,571.0,1520.0,1855.0,1452.0,254.0,29921.0,,1.0,29922.0,39780.0,Saturday
321,6,2021-01-10,F14,718095.0,1720.0,132535.0,366.0,716727.0,1720.0,132534.0,366.0,652.0,148802.0,60.0,7024.0,,,,,139820.0,426.0,24409.0,112389.0,115411.0,,,11315.0,128505.0,1192.0,202.0,145.0,10262.0,6947.0,2998.0,32746.0,19273.0,21482.0,10182.0,15125.0,11395.0,3712.0,5998.0,2883.0,5554.0,4666.0,6073.0,527.0,204.0,139820.0,685.0,2291.0,12008.0,22855.0,27178.0,27659.0,19749.0,10688.0,9118.0,7589.0,139820.0,315.0,1087.0,6058.0,11716.0,14490.0,15056.0,9983.0,4978.0,5331.0,5853.0,74867.0,370.0,1204.0,5950.0,11139.0,12688.0,12603.0,9766.0,5710.0,3787.0,1736.0,64953.0,,,,,,,,,,,,,,,2.0,16.0,32.0,119.0,429.0,1078.0,1651.0,3327.0,,,,1.0,7.0,13.0,29.0,145.0,521.0,1079.0,1795.0,,,,1.0,9.0,19.0,90.0,284.0,557.0,572.0,1532.0,1862.0,1465.0,1.0,29922.0,,1.0,29923.0,39780.0,Sunday
322,0,2021-01-11,F14,723607.0,5512.0,133927.0,1392.0,722239.0,5512.0,133926.0,1392.0,10253.0,159055.0,517.0,7541.0,,,,,141730.0,1910.0,24327.0,114350.0,117403.0,,,11428.0,130302.0,1205.0,198.0,148.0,10336.0,6990.0,3022.0,33071.0,19577.0,21785.0,10290.0,15294.0,11541.0,3779.0,6051.0,2946.0,5686.0,4760.0,6178.0,531.0,241.0,141730.0,697.0,2317.0,12149.0,23171.0,27556.0,28058.0,20011.0,10870.0,9228.0,7673.0,141730.0,322.0,1098.0,6130.0,11869.0,14673.0,15261.0,10097.0,5064.0,5388.0,5911.0,75813.0,375.0,1219.0,6019.0,11302.0,12883.0,12797.0,9914.0,5806.0,3840.0,1762.0,65917.0,,,,,,,,,,,,,,,2.0,16.0,33.0,121.0,436.0,1089.0,1659.0,3356.0,,,,1.0,7.0,13.0,29.0,147.0,527.0,1082.0,1806.0,,,,1.0,9.0,20.0,92.0,289.0,562.0,577.0,1550.0,1873.0,1483.0,484.0,30406.0,,1.0,30407.0,59670.0,Monday
323,1,2021-01-12,F14,729800.0,6193.0,135694.0,1767.0,728432.0,6193.0,135693.0,1767.0,7133.0,166188.0,337.0,7878.0,,,,,143834.0,2104.0,24001.0,116763.0,119833.0,,,11470.0,132364.0,1202.0,192.0,151.0,10467.0,7100.0,3053.0,33555.0,19880.0,22028.0,10425.0,15501.0,11737.0,3824.0,6127.0,2980.0,5859.0,4862.0,6272.0,534.0,250.0,143834.0,713.0,2353.0,12323.0,23506.0,27969.0,28484.0,20324.0,11058.0,9365.0,7739.0,143834.0,330.0,1119.0,6220.0,12032.0,14875.0,15502.0,10263.0,5156.0,5465.0,5961.0,76923.0,383.0,1234.0,6103.0,11474.0,13094.0,12982.0,10061.0,5902.0,3900.0,1778.0,66911.0,,,,,,,,,,,,,,,2.0,16.0,33.0,122.0,438.0,1097.0,1671.0,3379.0,,,,1.0,7.0,13.0,30.0,148.0,529.0,1090.0,1818.0,,,,1.0,9.0,20.0,92.0,290.0,568.0,581.0,1561.0,1879.0,1500.0,1804.0,32210.0,,1.0,32211.0,60870.0,Tuesday
324,2,2021-01-13,F14,735437.0,5637.0,137110.0,1416.0,734069.0,5637.0,137109.0,1416.0,7139.0,173327.0,391.0,8269.0,,,,,145641.0,1807.0,23379.0,119169.0,122262.0,,,11492.0,134149.0,1244.0,206.0,139.0,10611.0,7190.0,3070.0,34034.0,20105.0,22309.0,10540.0,15665.0,11860.0,3864.0,6177.0,3020.0,5952.0,4944.0,6366.0,546.0,259.0,145641.0,728.0,2384.0,12461.0,23801.0,28342.0,28814.0,20629.0,11225.0,9471.0,7786.0,145641.0,340.0,1137.0,6289.0,12172.0,15064.0,15672.0,10423.0,5235.0,5530.0,5992.0,77854.0,388.0,1247.0,6172.0,11629.0,13278.0,13142.0,10206.0,5990.0,3941.0,1794.0,67787.0,,,,,,,,,,,,,,,2.0,16.0,33.0,123.0,439.0,1102.0,1682.0,3397.0,,,,1.0,7.0,13.0,30.0,149.0,530.0,1097.0,1827.0,,,,1.0,9.0,20.0,93.0,290.0,572.0,585.0,1570.0,1882.0,1515.0,4693.0,36903.0,1.0,2.0,36905.0,60870.0,Wednesday
325,3,2021-01-14,F14,740334.0,4897.0,138257.0,1147.0,738966.0,4897.0,138256.0,1147.0,7582.0,180909.0,352.0,8621.0,,,,,147141.0,1500.0,23107.0,120913.0,124034.0,,,11558.0,135583.0,1266.0,200.0,136.0,10732.0,7270.0,3093.0,34405.0,20310.0,22527.0,10599.0,15801.0,11970.0,3904.0,6220.0,3064.0,6066.0,5013.0,6446.0,549.0,267.0,147141.0,743.0,2418.0,12560.0,24040.0,28620.0,29111.0,20856.0,11368.0,9587.0,7838.0,147141.0,346.0,1152.0,6345.0,12286.0,15212.0,15820.0,10531.0,5315.0,5595.0,6033.0,78635.0,397.0,1266.0,6215.0,11754.0,13408.0,13291.0,10325.0,6053.0,3992.0,1805.0,68506.0,,,,,,,,,,,,,,,2.0,16.0,35.0,124.0,444.0,1109.0,1692.0,3422.0,,,,1.0,7.0,13.0,31.0,152.0,533.0,1101.0,1838.0,,,,1.0,9.0,22.0,93.0,292.0,576.0,591.0,1584.0,1889.0,1533.0,6667.0,43570.0,1.0,3.0,43573.0,60870.0,Thursday
326,4,2021-01-15,F14,745097.0,4763.0,139411.0,1154.0,743729.0,4763.0,139410.0,1154.0,6593.0,187502.0,395.0,9016.0,,,,,148690.0,1549.0,24258.0,121292.0,124432.0,,,11574.0,137116.0,1266.0,196.0,139.0,10840.0,7354.0,3121.0,34713.0,20487.0,22740.0,10680.0,15942.0,12102.0,3936.0,6274.0,3114.0,6142.0,5084.0,6530.0,552.0,394.0,148690.0,758.0,2443.0,12705.0,24290.0,28905.0,29431.0,21085.0,11511.0,9682.0,7880.0,148690.0,353.0,1167.0,6411.0,12411.0,15364.0,15980.0,10659.0,5382.0,5651.0,6063.0,79441.0,405.0,1276.0,6294.0,11879.0,13541.0,13451.0,10426.0,6129.0,4031.0,1817.0,69249.0,,,,,,,,,,,,,,,2.0,16.0,35.0,125.0,445.0,1124.0,1705.0,3452.0,,,,1.0,7.0,13.0,32.0,152.0,542.0,1112.0,1859.0,,,,1.0,9.0,22.0,93.0,293.0,582.0,593.0,1593.0,1899.0,1553.0,4767.0,48337.0,147.0,150.0,48487.0,60870.0,Friday
327,5,2021-01-16,F14,747594.0,2497.0,139929.0,518.0,746226.0,2497.0,139928.0,518.0,769.0,188271.0,56.0,9072.0,,,,,149264.0,574.0,24071.0,122013.0,125193.0,,,11584.0,137680.0,1224.0,193.0,134.0,10943.0,7482.0,3140.0,34873.0,20537.0,22841.0,10730.0,15985.0,12152.0,3943.0,6281.0,3114.0,6211.0,5090.0,6554.0,555.0,398.0,149264.0,762.0,2454.0,12749.0,24383.0,29025.0,29531.0,21176.0,11561.0,9717.0,7906.0,149264.0,353.0,1173.0,6432.0,12457.0,15422.0,16023.0,10704.0,5410.0,5668.0,6080.0,79722.0,409.0,1281.0,6317.0,11926.0,13603.0,13508.0,10472.0,6151.0,4049.0,1826.0,69542.0,,,,,,,,,,,,,,,2.0,16.0,35.0,126.0,451.0,1135.0,1720.0,3485.0,,,,1.0,7.0,13.0,32.0,153.0,548.0,1123.0,1877.0,,,,1.0,9.0,22.0,94.0,298.0,587.0,597.0,1608.0,1909.0,1576.0,324.0,48661.0,,150.0,48811.0,60870.0,Saturday
328,6,2021-01-17,F14,748998.0,1404.0,140201.0,272.0,747630.0,1404.0,140200.0,272.0,547.0,188818.0,28.0,9100.0,,,,,149564.0,300.0,23605.0,122753.0,125959.0,,,11596.0,137968.0,1220.0,191.0,133.0,11010.0,7521.0,3180.0,34945.0,20546.0,22920.0,10757.0,16016.0,12176.0,3949.0,6293.0,3115.0,6229.0,5099.0,6565.0,555.0,399.0,149564.0,764.0,2457.0,12779.0,24422.0,29085.0,29578.0,21223.0,11595.0,9735.0,7926.0,149564.0,353.0,1176.0,6444.0,12478.0,15450.0,16046.0,10728.0,5426.0,5680.0,6091.0,79872.0,411.0,1281.0,6335.0,11944.0,13635.0,13532.0,10495.0,6169.0,4055.0,1835.0,69692.0,,,,,,,,,,,,,,,2.0,16.0,36.0,128.0,456.0,1146.0,1732.0,3516.0,,,,1.0,7.0,13.0,33.0,155.0,550.0,1130.0,1889.0,,,,1.0,9.0,23.0,95.0,301.0,596.0,602.0,1627.0,1919.0,1597.0,4.0,48665.0,,150.0,48815.0,60870.0,Sunday
329,0,2021-01-18,F14,754304.0,5306.0,141416.0,1215.0,752936.0,5306.0,141415.0,1215.0,10262.0,199080.0,491.0,9591.0,,,,,151270.0,1706.0,22709.0,125330.0,128561.0,,,11660.0,139610.0,1237.0,183.0,130.0,11080.0,7552.0,3206.0,35351.0,20806.0,23100.0,10845.0,16163.0,12316.0,4020.0,6336.0,3165.0,6330.0,5203.0,6676.0,557.0,402.0,151270.0,775.0,2484.0,12907.0,24744.0,29433.0,29891.0,21485.0,11743.0,9825.0,7983.0,151270.0,360.0,1191.0,6511.0,12637.0,15613.0,16205.0,10859.0,5498.0,5730.0,6128.0,80732.0,415.0,1293.0,6396.0,12107.0,13820.0,13686.0,10626.0,6245.0,4095.0,1855.0,70538.0,,,,,,,,,,,,,,,2.0,16.0,37.0,129.0,462.0,1155.0,1743.0,3544.0,,,,1.0,7.0,13.0,33.0,156.0,551.0,1139.0,1900.0,,,,1.0,9.0,24.0,96.0,306.0,604.0,604.0,1644.0,1926.0,1618.0,62.0,48727.0,166.0,316.0,49043.0,70230.0,Monday
330,1,2021-01-19,F14,759688.0,5384.0,142816.0,1400.0,758320.0,5384.0,142815.0,1400.0,7221.0,206301.0,317.0,9908.0,,,,,152987.0,1717.0,20998.0,128732.0,131989.0,,,11693.0,141294.0,1200.0,187.0,134.0,11192.0,7678.0,3231.0,35735.0,21005.0,23329.0,10948.0,16336.0,12440.0,4079.0,6376.0,3222.0,6473.0,5320.0,6759.0,561.0,404.0,152987.0,795.0,2525.0,13016.0,25022.0,29772.0,30247.0,21778.0,11891.0,9923.0,8018.0,152987.0,367.0,1208.0,6573.0,12759.0,15791.0,16388.0,10995.0,5571.0,5783.0,6154.0,81589.0,428.0,1317.0,6443.0,12263.0,13981.0,13859.0,10783.0,6320.0,4140.0,1864.0,71398.0,,,,,,,,,,,,,,,2.0,16.0,37.0,131.0,467.0,1161.0,1754.0,3568.0,,,,1.0,7.0,13.0,33.0,158.0,553.0,1149.0,1914.0,,,,1.0,9.0,24.0,98.0,309.0,608.0,605.0,1654.0,1934.0,1634.0,555.0,49282.0,1612.0,1928.0,51210.0,70230.0,Tuesday
331,2,2021-01-20,F14,764501.0,4813.0,143981.0,1165.0,763133.0,4813.0,143980.0,1165.0,7582.0,213883.0,291.0,10199.0,,,,,154445.0,1458.0,19759.0,131402.0,134686.0,,,11701.0,142744.0,1178.0,179.0,133.0,11320.0,7803.0,3257.0,36085.0,21186.0,23518.0,11058.0,16455.0,12575.0,4117.0,6395.0,3248.0,6581.0,5405.0,6852.0,565.0,405.0,154445.0,824.0,2552.0,13129.0,25273.0,30052.0,30546.0,21967.0,12039.0,10015.0,8048.0,154445.0,377.0,1219.0,6624.0,12890.0,15937.0,16552.0,11105.0,5653.0,5826.0,6172.0,82355.0,447.0,1333.0,6505.0,12383.0,14115.0,13994.0,10862.0,6386.0,4189.0,1876.0,72090.0,,,,,,,,,,,,,,,2.0,16.0,37.0,133.0,473.0,1171.0,1765.0,3597.0,,,,1.0,7.0,13.0,33.0,160.0,556.0,1154.0,1924.0,,,,1.0,9.0,24.0,100.0,313.0,615.0,611.0,1673.0,1942.0,1655.0,1153.0,50435.0,3521.0,5449.0,55884.0,70230.0,Wednesday
332,3,2021-01-21,F14,769373.0,4872.0,145095.0,1114.0,768005.0,4872.0,145094.0,1114.0,7369.0,221252.0,343.0,10542.0,,,,,155904.0,1459.0,19134.0,133461.0,136770.0,,,11757.0,144147.0,1159.0,182.0,133.0,11420.0,7898.0,3284.0,36377.0,21348.0,23719.0,11130.0,16564.0,12716.0,4192.0,6431.0,3294.0,6736.0,5517.0,6905.0,569.0,406.0,155904.0,833.0,2584.0,13248.0,25528.0,30297.0,30845.0,22190.0,12175.0,10088.0,8116.0,155904.0,380.0,1232.0,6689.0,13011.0,16055.0,16704.0,11220.0,5717.0,5871.0,6222.0,83101.0,453.0,1352.0,6559.0,12517.0,14242.0,14141.0,10970.0,6458.0,4217.0,1894.0,72803.0,,,,,,,,,,,,,,,2.0,16.0,37.0,133.0,480.0,1180.0,1773.0,3621.0,,,,1.0,7.0,13.0,33.0,163.0,560.0,1158.0,1935.0,,,,1.0,9.0,24.0,100.0,317.0,620.0,615.0,1686.0,1949.0,1672.0,1322.0,51757.0,3382.0,8831.0,60588.0,70230.0,Thursday
333,4,2021-01-22,F14,773778.0,4405.0,146263.0,1168.0,772410.0,4405.0,146262.0,1168.0,8412.0,229664.0,351.0,10893.0,,,,,157423.0,1519.0,18792.0,135302.0,138631.0,,,11792.0,145631.0,1140.0,186.0,133.0,11517.0,7993.0,3309.0,36719.0,21523.0,23928.0,11216.0,16717.0,12851.0,4239.0,6452.0,3342.0,6850.0,5621.0,6980.0,573.0,412.0,157423.0,851.0,2631.0,13381.0,25762.0,30603.0,31138.0,22399.0,12320.0,10176.0,8162.0,157423.0,385.0,1257.0,6756.0,13134.0,16212.0,16866.0,11340.0,5783.0,5923.0,6259.0,83915.0,466.0,1374.0,6625.0,12628.0,14391.0,14272.0,11059.0,6537.0,4253.0,1903.0,73508.0,,,,,,,,,,,,,,,2.0,16.0,38.0,133.0,485.0,1188.0,1786.0,3648.0,,,,1.0,7.0,13.0,33.0,164.0,564.0,1166.0,1948.0,,,,1.0,9.0,25.0,100.0,321.0,624.0,620.0,1700.0,1955.0,1693.0,1207.0,52964.0,968.0,9799.0,62763.0,70230.0,Friday
334,5,2021-01-23,F14,775918.0,2140.0,146765.0,502.0,774550.0,2140.0,146764.0,502.0,1009.0,230673.0,39.0,10932.0,,,,,157964.0,541.0,18570.0,136034.0,139394.0,,,11803.0,146161.0,1129.0,190.0,131.0,11620.0,8090.0,3329.0,36850.0,21568.0,24042.0,11274.0,16770.0,12892.0,4246.0,6472.0,3343.0,6892.0,5632.0,6996.0,575.0,412.0,157964.0,860.0,2642.0,13425.0,25851.0,30705.0,31226.0,22488.0,12379.0,10211.0,8177.0,157964.0,390.0,1263.0,6780.0,13178.0,16263.0,16911.0,11386.0,5817.0,5941.0,6270.0,84199.0,470.0,1379.0,6645.0,12673.0,14442.0,14315.0,11102.0,6562.0,4270.0,1907.0,73765.0,,,,,,,,,,,,,,,2.0,16.0,38.0,134.0,493.0,1197.0,1798.0,3678.0,,,,1.0,7.0,13.0,33.0,169.0,567.0,1173.0,1963.0,,,,1.0,9.0,25.0,101.0,324.0,630.0,625.0,1715.0,1960.0,1718.0,229.0,53193.0,483.0,10282.0,63475.0,70230.0,Saturday
335,6,2021-01-24,F14,777211.0,1293.0,147030.0,265.0,775843.0,1293.0,147029.0,265.0,1608.0,232281.0,32.0,10964.0,,,,,158261.0,297.0,18441.0,136441.0,139820.0,,,11810.0,146451.0,1149.0,189.0,130.0,11706.0,8126.0,3360.0,36945.0,21587.0,24108.0,11293.0,16797.0,12911.0,4252.0,6484.0,3345.0,6910.0,5640.0,7001.0,575.0,413.0,158261.0,864.0,2647.0,13446.0,25907.0,30753.0,31291.0,22522.0,12403.0,10237.0,8191.0,158261.0,390.0,1266.0,6791.0,13206.0,16278.0,16943.0,11404.0,5833.0,5958.0,6276.0,84345.0,474.0,1381.0,6655.0,12701.0,14475.0,14348.0,11118.0,6570.0,4279.0,1915.0,73916.0,,,,,,,,,,,,,,,2.0,16.0,38.0,135.0,497.0,1203.0,1811.0,3702.0,,,,1.0,7.0,13.0,33.0,171.0,569.0,1178.0,1972.0,,,,1.0,9.0,25.0,102.0,326.0,634.0,633.0,1730.0,1963.0,1739.0,16.0,53209.0,133.0,10415.0,63624.0,70230.0,Sunday
336,0,2021-01-25,F14,781911.0,4700.0,148182.0,1152.0,780543.0,4700.0,148181.0,1152.0,34567.0,266848.0,527.0,11491.0,,,,,159942.0,1681.0,18212.0,138324.0,141730.0,,,11866.0,148076.0,1173.0,192.0,130.0,11779.0,8159.0,3379.0,37264.0,21851.0,24344.0,11361.0,16964.0,13038.0,4309.0,6525.0,3383.0,7039.0,5770.0,7100.0,580.0,414.0,159942.0,877.0,2683.0,13566.0,26153.0,31121.0,31646.0,22814.0,12531.0,10315.0,8236.0,159942.0,399.0,1286.0,6857.0,13334.0,16490.0,17127.0,11548.0,5896.0,6007.0,6312.0,85256.0,478.0,1397.0,6709.0,12819.0,14631.0,14519.0,11266.0,6635.0,4308.0,1924.0,74686.0,,,,,,,,,,,,,,,2.0,16.0,38.0,136.0,500.0,1212.0,1821.0,3725.0,,,,1.0,7.0,13.0,33.0,171.0,573.0,1187.0,1985.0,,,,1.0,9.0,25.0,103.0,329.0,639.0,634.0,1740.0,1970.0,1755.0,3.0,53212.0,4.0,10419.0,63631.0,90120.0,Monday
337,1,2021-01-26,F14,787329.0,5418.0,149617.0,1435.0,785961.0,5418.0,149616.0,1435.0,11573.0,278421.0,440.0,11931.0,,,,,161817.0,1875.0,17983.0,140409.0,143834.0,,,11893.0,149924.0,1157.0,189.0,128.0,11879.0,8250.0,3406.0,37766.0,22063.0,24510.0,11472.0,17159.0,13200.0,4371.0,6563.0,3422.0,7178.0,5891.0,7195.0,582.0,445.0,161817.0,900.0,2737.0,13718.0,26444.0,31505.0,32049.0,23104.0,12697.0,10391.0,8272.0,161817.0,407.0,1312.0,6931.0,13476.0,16674.0,17321.0,11694.0,5984.0,6048.0,6338.0,86185.0,493.0,1425.0,6787.0,12968.0,14831.0,14728.0,11410.0,6713.0,4343.0,1934.0,75632.0,,,,,,,,,,,,,,,2.0,16.0,38.0,138.0,507.0,1219.0,1829.0,3749.0,,,,1.0,7.0,13.0,34.0,174.0,578.0,1193.0,2000.0,,,,1.0,9.0,25.0,104.0,333.0,641.0,636.0,1749.0,1976.0,1773.0,88.0,53300.0,1745.0,12164.0,65464.0,90120.0,Tuesday
338,2,2021-01-27,F14,792287.0,4958.0,150762.0,1145.0,790919.0,4958.0,150761.0,1145.0,9613.0,288034.0,394.0,12325.0,,,,,163356.0,1539.0,17715.0,142193.0,145641.0,,,11901.0,151455.0,1144.0,172.0,124.0,11967.0,8332.0,3425.0,38130.0,22233.0,24751.0,11563.0,17293.0,13333.0,4406.0,6594.0,3459.0,7309.0,5987.0,7262.0,588.0,448.0,163356.0,913.0,2783.0,13843.0,26696.0,31797.0,32393.0,23341.0,12841.0,10452.0,8297.0,163356.0,412.0,1334.0,6988.0,13597.0,16815.0,17485.0,11794.0,6057.0,6088.0,6354.0,86924.0,501.0,1449.0,6855.0,13099.0,14982.0,14908.0,11547.0,6784.0,4364.0,1943.0,76432.0,,,,,,,,,,,,,,,2.0,16.0,38.0,138.0,509.0,1226.0,1836.0,3765.0,,,,1.0,7.0,13.0,34.0,175.0,582.0,1197.0,2009.0,,,,1.0,9.0,25.0,104.0,334.0,644.0,639.0,1756.0,1980.0,1785.0,289.0,53589.0,4759.0,16923.0,70512.0,90120.0,Wednesday
339,3,2021-01-28,F14,796793.0,4506.0,151766.0,1004.0,795425.0,4506.0,151765.0,1004.0,8861.0,296895.0,303.0,12628.0,,,,,164661.0,1305.0,17520.0,143673.0,147141.0,,,11925.0,152736.0,1106.0,172.0,120.0,12043.0,8423.0,3448.0,38439.0,22378.0,24955.0,11646.0,17410.0,13445.0,4446.0,6631.0,3489.0,7399.0,6075.0,7308.0,591.0,449.0,164661.0,928.0,2845.0,13976.0,26893.0,32063.0,32627.0,23533.0,12947.0,10513.0,8336.0,164661.0,420.0,1366.0,7058.0,13692.0,16957.0,17606.0,11883.0,6111.0,6114.0,6381.0,87588.0,508.0,1479.0,6918.0,13201.0,15106.0,15021.0,11650.0,6836.0,4399.0,1955.0,77073.0,,,,,,,,,,,,,,,2.0,16.0,38.0,139.0,513.0,1235.0,1848.0,3791.0,,,,1.0,7.0,13.0,34.0,175.0,587.0,1208.0,2025.0,,,,1.0,9.0,25.0,105.0,338.0,648.0,640.0,1766.0,1990.0,1801.0,526.0,54115.0,5578.0,22501.0,76616.0,90120.0,Thursday
340,4,2021-01-29,F14,801092.0,4299.0,152754.0,988.0,799724.0,4299.0,152753.0,988.0,9781.0,306676.0,315.0,12943.0,,,,,165963.0,1302.0,17273.0,145200.0,148690.0,,,11931.0,154032.0,1082.0,170.0,125.0,12122.0,8508.0,3468.0,38753.0,22499.0,25119.0,11750.0,17545.0,13568.0,4477.0,6663.0,3531.0,7457.0,6167.0,7390.0,593.0,451.0,165963.0,949.0,2902.0,14108.0,27110.0,32313.0,32878.0,23717.0,13062.0,10564.0,8360.0,165963.0,434.0,1393.0,7125.0,13809.0,17092.0,17746.0,11981.0,6166.0,6142.0,6392.0,88280.0,515.0,1509.0,6983.0,13301.0,15221.0,15132.0,11736.0,6896.0,4422.0,1968.0,77683.0,,,,,,,,,,,,,,,2.0,16.0,38.0,141.0,516.0,1242.0,1858.0,3813.0,,,,1.0,7.0,13.0,34.0,175.0,591.0,1212.0,2033.0,,,,1.0,9.0,25.0,107.0,341.0,651.0,646.0,1780.0,1998.0,1815.0,569.0,54684.0,4001.0,26502.0,81186.0,90120.0,Friday
341,5,2021-01-30,F14,803500.0,2408.0,153236.0,482.0,802132.0,2408.0,153235.0,482.0,2574.0,309250.0,106.0,13049.0,,,,,166551.0,588.0,17287.0,145761.0,149264.0,,,11942.0,154609.0,1047.0,163.0,113.0,12221.0,8621.0,3490.0,38901.0,22546.0,25316.0,11766.0,17589.0,13591.0,4478.0,6690.0,3533.0,7506.0,6173.0,7413.0,593.0,456.0,166551.0,958.0,2936.0,14174.0,27191.0,32434.0,32973.0,23808.0,13116.0,10587.0,8374.0,166551.0,438.0,1410.0,7152.0,13853.0,17154.0,17790.0,12025.0,6191.0,6157.0,6403.0,88573.0,520.0,1526.0,7022.0,13338.0,15280.0,15183.0,11783.0,6925.0,4430.0,1971.0,77978.0,,,,,,,,,,,,,,,2.0,16.0,38.0,141.0,520.0,1245.0,1868.0,3830.0,,,,1.0,7.0,13.0,34.0,176.0,592.0,1219.0,2042.0,,,,1.0,9.0,25.0,107.0,344.0,653.0,649.0,1788.0,2002.0,1828.0,11.0,54695.0,105.0,26607.0,81302.0,90120.0,Saturday
342,6,2021-01-31,F14,804961.0,1461.0,153504.0,268.0,803593.0,1461.0,153503.0,268.0,3450.0,312700.0,81.0,13130.0,,,,,166899.0,348.0,17335.0,146042.0,149564.0,,,11943.0,154956.0,1053.0,165.0,117.0,12285.0,8667.0,3503.0,38983.0,22570.0,25431.0,11801.0,17615.0,13609.0,4482.0,6704.0,3535.0,7519.0,6173.0,7428.0,593.0,456.0,166899.0,963.0,2944.0,14199.0,27255.0,32510.0,33034.0,23862.0,13142.0,10607.0,8383.0,166899.0,440.0,1415.0,7168.0,13887.0,17204.0,17824.0,12054.0,6201.0,6166.0,6410.0,88769.0,523.0,1529.0,7031.0,13368.0,15306.0,15210.0,11808.0,6941.0,4441.0,1973.0,78130.0,,,,,,,,,,,,,,,2.0,18.0,39.0,143.0,522.0,1251.0,1876.0,3851.0,,,,1.0,9.0,14.0,35.0,176.0,594.0,1224.0,2053.0,,,,1.0,9.0,25.0,108.0,346.0,657.0,652.0,1798.0,2006.0,1845.0,,54695.0,2.0,26609.0,81304.0,92520.0,Sunday
343,0,2021-02-01,F15,809497.0,4536.0,154428.0,924.0,808129.0,4536.0,154427.0,924.0,36189.0,348889.0,595.0,13725.0,,,,,168415.0,1516.0,17145.0,147729.0,151270.0,,,11957.0,156458.0,1066.0,171.0,120.0,12342.0,8697.0,3522.0,39398.0,22769.0,25575.0,11854.0,17772.0,13738.0,4523.0,6771.0,3587.0,7585.0,6269.0,7521.0,595.0,458.0,168415.0,978.0,2991.0,14324.0,27492.0,32867.0,33356.0,24100.0,13234.0,10659.0,8414.0,168415.0,449.0,1440.0,7230.0,14014.0,17424.0,18013.0,12180.0,6254.0,6192.0,6429.0,89625.0,529.0,1551.0,7094.0,13478.0,15443.0,15343.0,11920.0,6980.0,4467.0,1985.0,78790.0,,,,,,,,,,,,,,,2.0,18.0,39.0,143.0,526.0,1259.0,1880.0,3867.0,,,,1.0,9.0,14.0,35.0,177.0,600.0,1226.0,2062.0,,,,1.0,9.0,25.0,108.0,349.0,659.0,654.0,1805.0,2008.0,1859.0,23.0,54718.0,30.0,26639.0,81357.0,110070.0,Monday
344,1,2021-02-02,F15,815206.0,5709.0,155647.0,1219.0,813838.0,5709.0,155646.0,1219.0,11532.0,360421.0,343.0,14068.0,,,,,169979.0,1564.0,16992.0,149423.0,152987.0,,,11972.0,158007.0,1032.0,168.0,119.0,12417.0,8791.0,3541.0,39780.0,22951.0,25778.0,11927.0,17955.0,13873.0,4549.0,6813.0,3632.0,7677.0,6383.0,7596.0,601.0,464.0,169979.0,1008.0,3043.0,14474.0,27722.0,33214.0,33658.0,24322.0,13364.0,10729.0,8445.0,169979.0,465.0,1469.0,7313.0,14115.0,17585.0,18145.0,12292.0,6312.0,6227.0,6443.0,90366.0,543.0,1574.0,7161.0,13607.0,15629.0,15513.0,12030.0,7052.0,4502.0,2002.0,79613.0,,,,,,,,,,,,,,,2.0,18.0,40.0,145.0,532.0,1267.0,1886.0,3890.0,,,,1.0,9.0,14.0,35.0,178.0,603.0,1229.0,2069.0,,,,1.0,9.0,26.0,110.0,354.0,664.0,657.0,1821.0,2014.0,1876.0,17.0,54735.0,1097.0,27736.0,82471.0,110070.0,Tuesday
345,2,2021-02-03,F15,820366.0,5160.0,156656.0,1009.0,818998.0,5160.0,156655.0,1009.0,10278.0,370699.0,258.0,14326.0,,,,,171246.0,1267.0,16801.0,150865.0,154445.0,,,11976.0,159270.0,1012.0,163.0,114.0,12500.0,8873.0,3564.0,40115.0,23060.0,25952.0,12007.0,18093.0,13972.0,4579.0,6859.0,3674.0,7771.0,6465.0,7630.0,603.0,466.0,171246.0,1029.0,3115.0,14579.0,27922.0,33464.0,33906.0,24495.0,13486.0,10785.0,8465.0,171246.0,474.0,1506.0,7359.0,14221.0,17710.0,18264.0,12382.0,6374.0,6255.0,6454.0,90999.0,555.0,1609.0,7220.0,13701.0,15754.0,15642.0,12113.0,7112.0,4530.0,2011.0,80247.0,,,,,,,,,,,,,,,2.0,18.0,40.0,149.0,536.0,1275.0,1895.0,3915.0,,,,1.0,9.0,14.0,36.0,179.0,605.0,1233.0,2077.0,,,,1.0,9.0,26.0,113.0,357.0,670.0,662.0,1838.0,2017.0,1898.0,198.0,54933.0,4603.0,32339.0,87272.0,110070.0,Wednesday
346,3,2021-02-04,F15,825613.0,5247.0,157437.0,781.0,824245.0,5247.0,157436.0,781.0,8546.0,379245.0,182.0,14508.0,,,,,172206.0,960.0,16302.0,152310.0,155904.0,,,11983.0,160223.0,989.0,165.0,114.0,12568.0,8948.0,3580.0,40366.0,23156.0,26105.0,12038.0,18203.0,14050.0,4604.0,6889.0,3706.0,7816.0,6530.0,7666.0,605.0,472.0,172206.0,1049.0,3159.0,14685.0,28090.0,33658.0,34068.0,24603.0,13568.0,10837.0,8489.0,172206.0,483.0,1524.0,7411.0,14310.0,17818.0,18343.0,12435.0,6411.0,6279.0,6470.0,91484.0,566.0,1635.0,7274.0,13780.0,15840.0,15725.0,12168.0,7157.0,4558.0,2019.0,80722.0,,,,,,,,,,,,,,,2.0,18.0,40.0,151.0,538.0,1284.0,1897.0,3930.0,,,,1.0,9.0,14.0,36.0,181.0,610.0,1234.0,2085.0,,,,1.0,9.0,26.0,115.0,357.0,674.0,663.0,1845.0,2019.0,1911.0,660.0,55593.0,6735.0,39074.0,94667.0,110070.0,Thursday
347,4,2021-02-05,F15,830154.0,4541.0,158162.0,725.0,828786.0,4541.0,158161.0,725.0,14010.0,393255.0,258.0,14766.0,,,,,173190.0,984.0,15767.0,153811.0,157423.0,,,11988.0,161202.0,988.0,162.0,104.0,12656.0,9026.0,3594.0,40612.0,23280.0,26214.0,12096.0,18312.0,14122.0,4627.0,6909.0,3743.0,7878.0,6597.0,7713.0,608.0,479.0,173190.0,1068.0,3213.0,14781.0,28256.0,33852.0,34252.0,24742.0,13637.0,10880.0,8508.0,173189.0,489.0,1554.0,7463.0,14402.0,17911.0,18450.0,12493.0,6447.0,6305.0,6482.0,91996.0,579.0,1659.0,7318.0,13854.0,15941.0,15802.0,12249.0,7190.0,4575.0,2026.0,81193.0,,,,,,,,,,,,,,,2.0,18.0,41.0,152.0,543.0,1287.0,1900.0,3943.0,,,,1.0,9.0,15.0,36.0,184.0,610.0,1237.0,2092.0,,,,1.0,9.0,26.0,116.0,359.0,677.0,663.0,1851.0,2021.0,1922.0,421.0,56014.0,5221.0,44295.0,100309.0,114870.0,Friday
348,5,2021-02-06,F15,832651.0,2497.0,158589.0,427.0,831283.0,2497.0,158588.0,427.0,3266.0,396521.0,71.0,14837.0,,,,,173686.0,496.0,15722.0,154341.0,157964.0,,,11990.0,161696.0,926.0,159.0,104.0,12732.0,9147.0,3612.0,40759.0,23307.0,26330.0,12138.0,18373.0,14153.0,4629.0,6925.0,3745.0,7892.0,6620.0,7724.0,611.0,480.0,173686.0,1081.0,3236.0,14825.0,28337.0,33965.0,34324.0,24809.0,13683.0,10907.0,8518.0,173685.0,493.0,1567.0,7485.0,14447.0,17968.0,18490.0,12526.0,6469.0,6325.0,6487.0,92257.0,588.0,1669.0,7340.0,13890.0,15997.0,15834.0,12283.0,7214.0,4582.0,2031.0,81428.0,,,,,,,,,,,,,,,2.0,18.0,41.0,152.0,546.0,1293.0,1908.0,3960.0,,,,1.0,9.0,15.0,36.0,187.0,612.0,1240.0,2100.0,,,,1.0,9.0,26.0,116.0,359.0,681.0,668.0,1860.0,2025.0,1935.0,29.0,56043.0,572.0,44867.0,100910.0,124470.0,Saturday
349,6,2021-02-07,F15,834216.0,1565.0,158826.0,237.0,832848.0,1565.0,158825.0,237.0,2547.0,399068.0,75.0,14912.0,,,,,173994.0,308.0,15733.0,154626.0,158261.0,,,11991.0,162003.0,931.0,159.0,111.0,12783.0,9184.0,3623.0,40847.0,23330.0,26402.0,12170.0,18393.0,14169.0,4636.0,6944.0,3746.0,7901.0,6625.0,7734.0,616.0,481.0,173994.0,1085.0,3244.0,14851.0,28390.0,34033.0,34380.0,24847.0,13709.0,10929.0,8525.0,173993.0,496.0,1570.0,7499.0,14474.0,17997.0,18515.0,12541.0,6482.0,6339.0,6493.0,92406.0,589.0,1674.0,7352.0,13916.0,16036.0,15865.0,12306.0,7227.0,4590.0,2032.0,81587.0,,,,,,,,,,,,,,,2.0,18.0,41.0,153.0,546.0,1294.0,1914.0,3968.0,,,,1.0,9.0,15.0,36.0,187.0,612.0,1242.0,2102.0,,,,1.0,9.0,26.0,117.0,359.0,682.0,672.0,1866.0,2028.0,1940.0,,56043.0,,44867.0,100910.0,124470.0,Sunday
350,0,2021-02-08,F15,835709.0,1493.0,159031.0,205.0,834341.0,1493.0,159030.0,205.0,10709.0,409777.0,132.0,15044.0,,,,,174332.0,338.0,14390.0,156288.0,159942.0,,,11991.0,162341.0,946.0,162.0,111.0,12835.0,9209.0,3635.0,40920.0,23347.0,26474.0,12197.0,18423.0,14189.0,4639.0,6962.0,3756.0,7916.0,6632.0,7777.0,616.0,484.0,174332.0,1092.0,3252.0,14873.0,28432.0,34113.0,34451.0,24907.0,13740.0,10940.0,8531.0,174331.0,500.0,1575.0,7514.0,14498.0,18048.0,18558.0,12579.0,6494.0,6345.0,6497.0,92608.0,592.0,1677.0,7359.0,13934.0,16065.0,15893.0,12328.0,7246.0,4595.0,2034.0,81723.0,,,,,,,,,,,,,,,2.0,18.0,41.0,153.0,548.0,1303.0,1921.0,3986.0,,,,1.0,9.0,15.0,36.0,187.0,616.0,1244.0,2108.0,,,,1.0,9.0,26.0,117.0,361.0,687.0,677.0,1878.0,2033.0,1953.0,398.0,56441.0,,44867.0,101308.0,124470.0,Monday
351,1,2021-02-09,F15,840770.0,5061.0,159910.0,879.0,839402.0,5061.0,159909.0,879.0,42250.0,452027.0,507.0,15551.0,,,,,175701.0,1369.0,13884.0,158150.0,161817.0,,,11998.0,163703.0,945.0,161.0,109.0,12893.0,9250.0,3654.0,41293.0,23525.0,26628.0,12288.0,18568.0,14305.0,4683.0,7005.0,3796.0,7981.0,6693.0,7829.0,618.0,489.0,175701.0,1108.0,3300.0,14979.0,28663.0,34459.0,34729.0,25109.0,13812.0,10989.0,8552.0,175700.0,508.0,1597.0,7580.0,14638.0,18258.0,18723.0,12699.0,6528.0,6369.0,6512.0,93412.0,600.0,1703.0,7399.0,14025.0,16201.0,16006.0,12410.0,7284.0,4620.0,2040.0,82288.0,,,,,,,,,,,,,,,2.0,18.0,41.0,153.0,551.0,1307.0,1926.0,3998.0,,,,1.0,9.0,15.0,36.0,187.0,619.0,1248.0,2115.0,,,,1.0,9.0,26.0,117.0,364.0,688.0,678.0,1883.0,2034.0,1964.0,88.0,56529.0,31.0,44898.0,101427.0,142020.0,Tuesday
352,2,2021-02-10,F15,846252.0,5482.0,160904.0,994.0,844884.0,5482.0,160903.0,994.0,22761.0,474788.0,372.0,15923.0,,,,,177038.0,1337.0,13682.0,159679.0,163356.0,,,12002.0,165036.0,864.0,159.0,110.0,12949.0,9375.0,3667.0,41629.0,23672.0,26816.0,12340.0,18683.0,14421.0,4708.0,7024.0,3845.0,8063.0,6832.0,7891.0,618.0,496.0,177038.0,1126.0,3364.0,15110.0,28914.0,34742.0,34986.0,25293.0,13895.0,11042.0,8565.0,177037.0,515.0,1634.0,7648.0,14782.0,18413.0,18866.0,12797.0,6577.0,6399.0,6519.0,94150.0,611.0,1730.0,7462.0,14132.0,16329.0,16120.0,12496.0,7318.0,4643.0,2046.0,82887.0,,,,,,,,,,,,,,,2.0,18.0,41.0,153.0,554.0,1311.0,1929.0,4008.0,,,,1.0,9.0,15.0,36.0,187.0,621.0,1249.0,2118.0,,,,1.0,9.0,26.0,117.0,367.0,690.0,680.0,1890.0,2035.0,1973.0,2494.0,59023.0,708.0,45606.0,104629.0,142020.0,Wednesday
